Block,Column,Row,Subtile,Basin,MortalityStatus,Nadir,Error,SourceImage,CropImage,Intensity,Elevation,NAIPYear
168,1,3,5,128,NA,NA,NA,C:/Users/bdrye/Downloads/NAIP_2020/NAIP_4Band_2020/imagery/37119/m_3711918_ne_11_060_20200626.tif,BLOCK168_C00001_R00003_S005_128.png,155.3411765,1483.893433,NA
180,4,3,2,4442,NA,NA,NA,C:/Users/bdrye/Downloads/NAIP_2020/NAIP_4Band_2020/imagery/37119/m_3711960_ne_11_060_20200805.tif,BLOCK180_C00004_R00003_S002_4442.png,141.875,519.00177,NA
180,4,3,2,1047,NA,NA,NA,C:/Users/bdrye/Downloads/NAIP_2020/NAIP_4Band_2020/imagery/37119/m_3711960_ne_11_060_20200805.tif,BLOCK180_C00004_R00003_S002_1047.png,181.25,432.5140076,NA
168,1,3,5,14177,NA,NA,NA,C:/Users/bdrye/Downloads/NAIP_2020/NAIP_4Band_2020/imagery/37119/m_3711918_ne_11_060_20200626.tif,BLOCK168_C00001_R00003_S005_14177.png,188,1753.02002,NA
168,1,3,5,12362,NA,NA,NA,C:/Users/bdrye/Downloads/NAIP_2020/NAIP_4Band_2020/imagery/37119/m_3711918_ne_11_060_20200626.tif,BLOCK168_C00001_R00003_S005_12362.png,192.3333333,1598.52002,NA
168,1,4,NA,13358,NA,NA,NA,C:/Users/bdrye/Downloads/NAIP_2020/NAIP_4Band_2020/imagery/37119/m_3711918_ne_11_060_20200626.tif,BLOCK168_C00001_R00004_13358.png,186,1587.516602,NA
180,4,3,1,3899,NA,NA,NA,C:/Users/bdrye/Downloads/NAIP_2020/NAIP_4Band_2020/imagery/37119/m_3711960_ne_11_060_20200805.tif,BLOCK180_C00004_R00003_S001_3899.png,205,625.8660889,NA
168,1,3,6,8026,NA,NA,NA,C:/Users/bdrye/Downloads/NAIP_2020/NAIP_4Band_2020/imagery/37119/m_3711918_ne_11_060_20200626.tif,BLOCK168_C00001_R00003_S006_8026.png,153.5,1451.580933,NA
180,4,3,1,2935,NA,NA,NA,C:/Users/bdrye/Downloads/NAIP_2020/NAIP_4Band_2020/imagery/37119/m_3711960_ne_11_060_20200805.tif,BLOCK180_C00004_R00003_S001_2935.png,211.3333333,589.6099854,NA
168,1,3,6,7423,NA,NA,NA,C:/Users/bdrye/Downloads/NAIP_2020/NAIP_4Band_2020/imagery/37119/m_3711918_ne_11_060_20200626.tif,BLOCK168_C00001_R00003_S006_7423.png,206.2777778,1477.383301,NA
168,1,3,5,9077,NA,NA,NA,C:/Users/bdrye/Downloads/NAIP_2020/NAIP_4Band_2020/imagery/37119/m_3711918_ne_11_060_20200626.tif,BLOCK168_C00001_R00003_S005_9077.png,194.3013699,1619.143433,NA
168,1,3,6,6678,NA,NA,NA,C:/Users/bdrye/Downloads/NAIP_2020/NAIP_4Band_2020/imagery/37119/m_3711918_ne_11_060_20200626.tif,BLOCK168_C00001_R00003_S006_6678.png,169.3,1595.266602,NA
180,4,3,1,55,NA,NA,NA,C:/Users/bdrye/Downloads/NAIP_2020/NAIP_4Band_2020/imagery/37119/m_3711960_ne_11_060_20200805.tif,BLOCK180_C00004_R00003_S001_55.png,182.6629213,605.3900146,NA
168,1,3,6,7464,NA,NA,NA,C:/Users/bdrye/Downloads/NAIP_2020/NAIP_4Band_2020/imagery/37119/m_3711918_ne_11_060_20200626.tif,BLOCK168_C00001_R00003_S006_7464.png,207.7,1413.216064,NA
168,1,4,NA,8702,NA,NA,NA,C:/Users/bdrye/Downloads/NAIP_2020/NAIP_4Band_2020/imagery/37119/m_3711918_ne_11_060_20200626.tif,BLOCK168_C00001_R00004_8702.png,132,1733.681641,NA
180,4,3,1,3869,NA,NA,NA,C:/Users/bdrye/Downloads/NAIP_2020/NAIP_4Band_2020/imagery/37119/m_3711960_ne_11_060_20200805.tif,BLOCK180_C00004_R00003_S001_3869.png,213.6153846,583.138916,NA
168,1,4,NA,14227,NA,NA,NA,C:/Users/bdrye/Downloads/NAIP_2020/NAIP_4Band_2020/imagery/37119/m_3711918_ne_11_060_20200626.tif,BLOCK168_C00001_R00004_14227.png,211,1702.119873,NA
180,4,3,1,1444,NA,NA,NA,C:/Users/bdrye/Downloads/NAIP_2020/NAIP_4Band_2020/imagery/37119/m_3711960_ne_11_060_20200805.tif,BLOCK180_C00004_R00003_S001_1444.png,170.7460317,631.6533203,NA
168,1,4,NA,5477,NA,NA,NA,C:/Users/bdrye/Downloads/NAIP_2020/NAIP_4Band_2020/imagery/37119/m_3711918_ne_11_060_20200626.tif,BLOCK168_C00001_R00004_5477.png,185.2857143,1747.360718,NA
168,1,3,6,721,NA,NA,NA,C:/Users/bdrye/Downloads/NAIP_2020/NAIP_4Band_2020/imagery/37119/m_3711918_ne_11_060_20200626.tif,BLOCK168_C00001_R00003_S006_721.png,174.1192053,1391.72998,NA
180,4,3,1,4268,NA,NA,NA,C:/Users/bdrye/Downloads/NAIP_2020/NAIP_4Band_2020/imagery/37119/m_3711960_ne_11_060_20200805.tif,BLOCK180_C00004_R00003_S001_4268.png,214,593.1616821,NA
168,1,3,6,2127,NA,NA,NA,C:/Users/bdrye/Downloads/NAIP_2020/NAIP_4Band_2020/imagery/37119/m_3711918_ne_11_060_20200626.tif,BLOCK168_C00001_R00003_S006_2127.png,149.1,1421.380005,NA
180,4,3,2,4034,NA,NA,NA,C:/Users/bdrye/Downloads/NAIP_2020/NAIP_4Band_2020/imagery/37119/m_3711960_ne_11_060_20200805.tif,BLOCK180_C00004_R00003_S002_4034.png,157.8181818,421.0061951,NA
168,1,3,5,11522,NA,NA,NA,C:/Users/bdrye/Downloads/NAIP_2020/NAIP_4Band_2020/imagery/37119/m_3711918_ne_11_060_20200626.tif,BLOCK168_C00001_R00003_S005_11522.png,202.8870968,1616.676147,NA
180,4,3,1,4157,NA,NA,NA,C:/Users/bdrye/Downloads/NAIP_2020/NAIP_4Band_2020/imagery/37119/m_3711960_ne_11_060_20200805.tif,BLOCK180_C00004_R00003_S001_4157.png,207.375,616.9205933,NA
168,1,4,NA,13360,NA,NA,NA,C:/Users/bdrye/Downloads/NAIP_2020/NAIP_4Band_2020/imagery/37119/m_3711918_ne_11_060_20200626.tif,BLOCK168_C00001_R00004_13360.png,216,1699.022461,NA
168,1,3,6,7914,NA,NA,NA,C:/Users/bdrye/Downloads/NAIP_2020/NAIP_4Band_2020/imagery/37119/m_3711918_ne_11_060_20200626.tif,BLOCK168_C00001_R00003_S006_7914.png,215.0909091,1386.670044,NA
168,1,3,5,1659,NA,NA,NA,C:/Users/bdrye/Downloads/NAIP_2020/NAIP_4Band_2020/imagery/37119/m_3711918_ne_11_060_20200626.tif,BLOCK168_C00001_R00003_S005_1659.png,129.7419355,1612.546143,NA
168,1,4,NA,11398,NA,NA,NA,C:/Users/bdrye/Downloads/NAIP_2020/NAIP_4Band_2020/imagery/37119/m_3711918_ne_11_060_20200626.tif,BLOCK168_C00001_R00004_11398.png,147.5,1854.293945,NA
168,1,4,NA,7251,NA,NA,NA,C:/Users/bdrye/Downloads/NAIP_2020/NAIP_4Band_2020/imagery/37119/m_3711918_ne_11_060_20200626.tif,BLOCK168_C00001_R00004_7251.png,165.8387097,1794.75708,NA
180,4,3,2,1401,NA,NA,NA,C:/Users/bdrye/Downloads/NAIP_2020/NAIP_4Band_2020/imagery/37119/m_3711960_ne_11_060_20200805.tif,BLOCK180_C00004_R00003_S002_1401.png,155.5,398.0299988,NA
180,4,3,2,3124,NA,NA,NA,C:/Users/bdrye/Downloads/NAIP_2020/NAIP_4Band_2020/imagery/37119/m_3711960_ne_11_060_20200805.tif,BLOCK180_C00004_R00003_S002_3124.png,195.9142857,373.3399963,NA
168,1,3,6,5090,NA,NA,NA,C:/Users/bdrye/Downloads/NAIP_2020/NAIP_4Band_2020/imagery/37119/m_3711918_ne_11_060_20200626.tif,BLOCK168_C00001_R00003_S006_5090.png,191.6818182,1468.799927,NA
168,1,4,NA,11734,NA,NA,NA,C:/Users/bdrye/Downloads/NAIP_2020/NAIP_4Band_2020/imagery/37119/m_3711918_ne_11_060_20200626.tif,BLOCK168_C00001_R00004_11734.png,193.5714286,1780.305664,NA
180,4,3,2,2583,NA,NA,NA,C:/Users/bdrye/Downloads/NAIP_2020/NAIP_4Band_2020/imagery/37119/m_3711960_ne_11_060_20200805.tif,BLOCK180_C00004_R00003_S002_2583.png,161.4516129,489.0499878,NA
180,4,3,2,2572,NA,NA,NA,C:/Users/bdrye/Downloads/NAIP_2020/NAIP_4Band_2020/imagery/37119/m_3711960_ne_11_060_20200805.tif,BLOCK180_C00004_R00003_S002_2572.png,131.8461538,583.5336304,NA
168,1,4,NA,2126,NA,NA,NA,C:/Users/bdrye/Downloads/NAIP_2020/NAIP_4Band_2020/imagery/37119/m_3711918_ne_11_060_20200626.tif,BLOCK168_C00001_R00004_2126.png,169.9346405,1556.845947,NA
168,1,3,6,5523,NA,NA,NA,C:/Users/bdrye/Downloads/NAIP_2020/NAIP_4Band_2020/imagery/37119/m_3711918_ne_11_060_20200626.tif,BLOCK168_C00001_R00003_S006_5523.png,137.9,1403.27002,NA
180,4,3,1,333,NA,NA,NA,C:/Users/bdrye/Downloads/NAIP_2020/NAIP_4Band_2020/imagery/37119/m_3711960_ne_11_060_20200805.tif,BLOCK180_C00004_R00003_S001_333.png,184.3873239,607.6854858,NA
180,4,3,1,3309,NA,NA,NA,C:/Users/bdrye/Downloads/NAIP_2020/NAIP_4Band_2020/imagery/37119/m_3711960_ne_11_060_20200805.tif,BLOCK180_C00004_R00003_S001_3309.png,193.3809524,612.3444824,NA
180,4,3,1,2957,NA,NA,NA,C:/Users/bdrye/Downloads/NAIP_2020/NAIP_4Band_2020/imagery/37119/m_3711960_ne_11_060_20200805.tif,BLOCK180_C00004_R00003_S001_2957.png,168.125,659.5161743,NA
168,1,3,6,4659,NA,NA,NA,C:/Users/bdrye/Downloads/NAIP_2020/NAIP_4Band_2020/imagery/37119/m_3711918_ne_11_060_20200626.tif,BLOCK168_C00001_R00003_S006_4659.png,176.5803571,1440.952026,NA
168,1,4,NA,5385,NA,NA,NA,C:/Users/bdrye/Downloads/NAIP_2020/NAIP_4Band_2020/imagery/37119/m_3711918_ne_11_060_20200626.tif,BLOCK168_C00001_R00004_5385.png,163.9634146,1560.650024,NA
168,1,3,5,1571,NA,NA,NA,C:/Users/bdrye/Downloads/NAIP_2020/NAIP_4Band_2020/imagery/37119/m_3711918_ne_11_060_20200626.tif,BLOCK168_C00001_R00003_S005_1571.png,173.9539474,1626.77002,NA
168,1,3,6,4795,NA,NA,NA,C:/Users/bdrye/Downloads/NAIP_2020/NAIP_4Band_2020/imagery/37119/m_3711918_ne_11_060_20200626.tif,BLOCK168_C00001_R00003_S006_4795.png,175.9302326,1455.525024,NA
168,1,4,NA,4927,NA,NA,NA,C:/Users/bdrye/Downloads/NAIP_2020/NAIP_4Band_2020/imagery/37119/m_3711918_ne_11_060_20200626.tif,BLOCK168_C00001_R00004_4927.png,131.1538462,1744.32666,NA
180,4,2,NA,43,NA,NA,NA,C:/Users/bdrye/Downloads/NAIP_2020/NAIP_4Band_2020/imagery/37119/m_3711960_ne_11_060_20200805.tif,BLOCK180_C00004_R00002_43.png,132.8823529,612.6530762,NA
180,4,3,1,4125,NA,NA,NA,C:/Users/bdrye/Downloads/NAIP_2020/NAIP_4Band_2020/imagery/37119/m_3711960_ne_11_060_20200805.tif,BLOCK180_C00004_R00003_S001_4125.png,149,685.7883301,NA
180,4,3,1,927,NA,NA,NA,C:/Users/bdrye/Downloads/NAIP_2020/NAIP_4Band_2020/imagery/37119/m_3711960_ne_11_060_20200805.tif,BLOCK180_C00004_R00003_S001_927.png,167.887931,604.0324707,NA
168,1,3,6,7663,NA,NA,NA,C:/Users/bdrye/Downloads/NAIP_2020/NAIP_4Band_2020/imagery/37119/m_3711918_ne_11_060_20200626.tif,BLOCK168_C00001_R00003_S006_7663.png,210.6875,1393.008911,NA
168,1,3,6,1338,NA,NA,NA,C:/Users/bdrye/Downloads/NAIP_2020/NAIP_4Band_2020/imagery/37119/m_3711918_ne_11_060_20200626.tif,BLOCK168_C00001_R00003_S006_1338.png,153.5555556,1383.661621,NA
168,1,3,5,10285,NA,NA,NA,C:/Users/bdrye/Downloads/NAIP_2020/NAIP_4Band_2020/imagery/37119/m_3711918_ne_11_060_20200626.tif,BLOCK168_C00001_R00003_S005_10285.png,184.1590909,1644.423462,NA
180,4,3,1,58,NA,NA,NA,C:/Users/bdrye/Downloads/NAIP_2020/NAIP_4Band_2020/imagery/37119/m_3711960_ne_11_060_20200805.tif,BLOCK180_C00004_R00003_S001_58.png,167.6952381,582.460022,NA
180,4,3,2,3631,NA,NA,NA,C:/Users/bdrye/Downloads/NAIP_2020/NAIP_4Band_2020/imagery/37119/m_3711960_ne_11_060_20200805.tif,BLOCK180_C00004_R00003_S002_3631.png,124,494.535614,NA
168,1,3,5,6298,NA,NA,NA,C:/Users/bdrye/Downloads/NAIP_2020/NAIP_4Band_2020/imagery/37119/m_3711918_ne_11_060_20200626.tif,BLOCK168_C00001_R00003_S005_6298.png,188.047619,1710.209961,NA
168,1,4,NA,11965,NA,NA,NA,C:/Users/bdrye/Downloads/NAIP_2020/NAIP_4Band_2020/imagery/37119/m_3711918_ne_11_060_20200626.tif,BLOCK168_C00001_R00004_11965.png,130.5,1592.079956,NA
180,4,3,1,1690,NA,NA,NA,C:/Users/bdrye/Downloads/NAIP_2020/NAIP_4Band_2020/imagery/37119/m_3711960_ne_11_060_20200805.tif,BLOCK180_C00004_R00003_S001_1690.png,202.8823529,606.414978,NA
168,1,4,NA,1786,NA,NA,NA,C:/Users/bdrye/Downloads/NAIP_2020/NAIP_4Band_2020/imagery/37119/m_3711918_ne_11_060_20200626.tif,BLOCK168_C00001_R00004_1786.png,176.8757396,1526.697021,NA
168,1,3,6,7164,NA,NA,NA,C:/Users/bdrye/Downloads/NAIP_2020/NAIP_4Band_2020/imagery/37119/m_3711918_ne_11_060_20200626.tif,BLOCK168_C00001_R00003_S006_7164.png,195.2727273,1447.478027,NA
180,4,3,1,1325,NA,NA,NA,C:/Users/bdrye/Downloads/NAIP_2020/NAIP_4Band_2020/imagery/37119/m_3711960_ne_11_060_20200805.tif,BLOCK180_C00004_R00003_S001_1325.png,130.7678571,637.6489258,NA
180,4,3,2,4592,NA,NA,NA,C:/Users/bdrye/Downloads/NAIP_2020/NAIP_4Band_2020/imagery/37119/m_3711960_ne_11_060_20200805.tif,BLOCK180_C00004_R00003_S002_4592.png,136,428.8909912,NA
168,1,4,NA,10270,NA,NA,NA,C:/Users/bdrye/Downloads/NAIP_2020/NAIP_4Band_2020/imagery/37119/m_3711918_ne_11_060_20200626.tif,BLOCK168_C00001_R00004_10270.png,210.9411765,1784.853027,NA
180,4,3,2,4002,NA,NA,NA,C:/Users/bdrye/Downloads/NAIP_2020/NAIP_4Band_2020/imagery/37119/m_3711960_ne_11_060_20200805.tif,BLOCK180_C00004_R00003_S002_4002.png,210.8888889,538.2570801,NA
168,1,4,NA,5312,NA,NA,NA,C:/Users/bdrye/Downloads/NAIP_2020/NAIP_4Band_2020/imagery/37119/m_3711918_ne_11_060_20200626.tif,BLOCK168_C00001_R00004_5312.png,132.4354839,1782.939941,NA
180,4,3,1,4127,NA,NA,NA,C:/Users/bdrye/Downloads/NAIP_2020/NAIP_4Band_2020/imagery/37119/m_3711960_ne_11_060_20200805.tif,BLOCK180_C00004_R00003_S001_4127.png,144.5,623.3200073,NA
180,4,3,1,1273,NA,NA,NA,C:/Users/bdrye/Downloads/NAIP_2020/NAIP_4Band_2020/imagery/37119/m_3711960_ne_11_060_20200805.tif,BLOCK180_C00004_R00003_S001_1273.png,184.8244275,617.2993774,NA
168,1,4,NA,3053,NA,NA,NA,C:/Users/bdrye/Downloads/NAIP_2020/NAIP_4Band_2020/imagery/37119/m_3711918_ne_11_060_20200626.tif,BLOCK168_C00001_R00004_3053.png,148.625,1569.021606,NA
180,4,3,2,4018,NA,NA,NA,C:/Users/bdrye/Downloads/NAIP_2020/NAIP_4Band_2020/imagery/37119/m_3711960_ne_11_060_20200805.tif,BLOCK180_C00004_R00003_S002_4018.png,149.8888889,456.9807129,NA
180,4,3,2,4231,NA,NA,NA,C:/Users/bdrye/Downloads/NAIP_2020/NAIP_4Band_2020/imagery/37119/m_3711960_ne_11_060_20200805.tif,BLOCK180_C00004_R00003_S002_4231.png,193.2758621,468.1052856,NA
168,1,3,6,7967,NA,NA,NA,C:/Users/bdrye/Downloads/NAIP_2020/NAIP_4Band_2020/imagery/37119/m_3711918_ne_11_060_20200626.tif,BLOCK168_C00001_R00003_S006_7967.png,134.6666667,1448.537476,NA
168,1,3,6,3523,NA,NA,NA,C:/Users/bdrye/Downloads/NAIP_2020/NAIP_4Band_2020/imagery/37119/m_3711918_ne_11_060_20200626.tif,BLOCK168_C00001_R00003_S006_3523.png,160.15,1434.022217,NA
168,1,3,5,1383,NA,NA,NA,C:/Users/bdrye/Downloads/NAIP_2020/NAIP_4Band_2020/imagery/37119/m_3711918_ne_11_060_20200626.tif,BLOCK168_C00001_R00003_S005_1383.png,173.7164179,1725.415039,NA
180,4,3,2,4237,NA,NA,NA,C:/Users/bdrye/Downloads/NAIP_2020/NAIP_4Band_2020/imagery/37119/m_3711960_ne_11_060_20200805.tif,BLOCK180_C00004_R00003_S002_4237.png,197.1621622,463.0939026,NA
168,1,3,6,7113,NA,NA,NA,C:/Users/bdrye/Downloads/NAIP_2020/NAIP_4Band_2020/imagery/37119/m_3711918_ne_11_060_20200626.tif,BLOCK168_C00001_R00003_S006_7113.png,184.0714286,1492.290039,NA
180,4,3,2,4364,NA,NA,NA,C:/Users/bdrye/Downloads/NAIP_2020/NAIP_4Band_2020/imagery/37119/m_3711960_ne_11_060_20200805.tif,BLOCK180_C00004_R00003_S002_4364.png,201.25,365.6023865,NA
168,1,3,6,7265,NA,NA,NA,C:/Users/bdrye/Downloads/NAIP_2020/NAIP_4Band_2020/imagery/37119/m_3711918_ne_11_060_20200626.tif,BLOCK168_C00001_R00003_S006_7265.png,198.2839506,1404.239746,NA
180,4,3,1,2282,NA,NA,NA,C:/Users/bdrye/Downloads/NAIP_2020/NAIP_4Band_2020/imagery/37119/m_3711960_ne_11_060_20200805.tif,BLOCK180_C00004_R00003_S001_2282.png,173.875,616.1928711,NA
168,1,3,6,6897,NA,NA,NA,C:/Users/bdrye/Downloads/NAIP_2020/NAIP_4Band_2020/imagery/37119/m_3711918_ne_11_060_20200626.tif,BLOCK168_C00001_R00003_S006_6897.png,161,1398.893433,NA
180,4,3,2,2450,NA,NA,NA,C:/Users/bdrye/Downloads/NAIP_2020/NAIP_4Band_2020/imagery/37119/m_3711960_ne_11_060_20200805.tif,BLOCK180_C00004_R00003_S002_2450.png,168.9277108,516.4199829,NA
168,1,4,NA,14337,NA,NA,NA,C:/Users/bdrye/Downloads/NAIP_2020/NAIP_4Band_2020/imagery/37119/m_3711918_ne_11_060_20200626.tif,BLOCK168_C00001_R00004_14337.png,173,1765.314941,NA
168,1,3,6,5133,NA,NA,NA,C:/Users/bdrye/Downloads/NAIP_2020/NAIP_4Band_2020/imagery/37119/m_3711918_ne_11_060_20200626.tif,BLOCK168_C00001_R00003_S006_5133.png,152.875,1381.396606,NA
168,1,4,NA,8243,NA,NA,NA,C:/Users/bdrye/Downloads/NAIP_2020/NAIP_4Band_2020/imagery/37119/m_3711918_ne_11_060_20200626.tif,BLOCK168_C00001_R00004_8243.png,177.0714286,1754.94751,NA
168,1,3,6,1054,NA,NA,NA,C:/Users/bdrye/Downloads/NAIP_2020/NAIP_4Band_2020/imagery/37119/m_3711918_ne_11_060_20200626.tif,BLOCK168_C00001_R00003_S006_1054.png,183.7543253,1411.839966,NA
168,1,4,NA,11233,NA,NA,NA,C:/Users/bdrye/Downloads/NAIP_2020/NAIP_4Band_2020/imagery/37119/m_3711918_ne_11_060_20200626.tif,BLOCK168_C00001_R00004_11233.png,153.6666667,1532.409912,NA
168,1,4,NA,1669,NA,NA,NA,C:/Users/bdrye/Downloads/NAIP_2020/NAIP_4Band_2020/imagery/37119/m_3711918_ne_11_060_20200626.tif,BLOCK168_C00001_R00004_1669.png,143.744186,1641.14502,NA
180,4,3,2,691,NA,NA,NA,C:/Users/bdrye/Downloads/NAIP_2020/NAIP_4Band_2020/imagery/37119/m_3711960_ne_11_060_20200805.tif,BLOCK180_C00004_R00003_S002_691.png,178.1214575,509.5542908,NA
168,1,4,NA,10798,NA,NA,NA,C:/Users/bdrye/Downloads/NAIP_2020/NAIP_4Band_2020/imagery/37119/m_3711918_ne_11_060_20200626.tif,BLOCK168_C00001_R00004_10798.png,193.9512195,1871.013306,NA
180,4,3,2,4538,NA,NA,NA,C:/Users/bdrye/Downloads/NAIP_2020/NAIP_4Band_2020/imagery/37119/m_3711960_ne_11_060_20200805.tif,BLOCK180_C00004_R00003_S002_4538.png,209,529.6212158,NA
168,1,4,NA,11423,NA,NA,NA,C:/Users/bdrye/Downloads/NAIP_2020/NAIP_4Band_2020/imagery/37119/m_3711918_ne_11_060_20200626.tif,BLOCK168_C00001_R00004_11423.png,206,1592.079956,NA
180,4,3,1,2697,NA,NA,NA,C:/Users/bdrye/Downloads/NAIP_2020/NAIP_4Band_2020/imagery/37119/m_3711960_ne_11_060_20200805.tif,BLOCK180_C00004_R00003_S001_2697.png,166.8888889,630.2888794,NA
180,4,3,1,1110,NA,NA,NA,C:/Users/bdrye/Downloads/NAIP_2020/NAIP_4Band_2020/imagery/37119/m_3711960_ne_11_060_20200805.tif,BLOCK180_C00004_R00003_S001_1110.png,130.3142857,613.0360107,NA
168,1,3,6,1487,NA,NA,NA,C:/Users/bdrye/Downloads/NAIP_2020/NAIP_4Band_2020/imagery/37119/m_3711918_ne_11_060_20200626.tif,BLOCK168_C00001_R00003_S006_1487.png,139.6893204,1411.432007,NA
180,4,3,2,201,NA,NA,NA,C:/Users/bdrye/Downloads/NAIP_2020/NAIP_4Band_2020/imagery/37119/m_3711960_ne_11_060_20200805.tif,BLOCK180_C00004_R00003_S002_201.png,181.875,401.3727112,NA
168,1,3,6,8729,NA,NA,NA,C:/Users/bdrye/Downloads/NAIP_2020/NAIP_4Band_2020/imagery/37119/m_3711918_ne_11_060_20200626.tif,BLOCK168_C00001_R00003_S006_8729.png,200,1459.160034,NA
180,4,3,2,1852,NA,NA,NA,C:/Users/bdrye/Downloads/NAIP_2020/NAIP_4Band_2020/imagery/37119/m_3711960_ne_11_060_20200805.tif,BLOCK180_C00004_R00003_S002_1852.png,155.2631579,476.0708008,NA
168,1,3,5,548,NA,NA,NA,C:/Users/bdrye/Downloads/NAIP_2020/NAIP_4Band_2020/imagery/37119/m_3711918_ne_11_060_20200626.tif,BLOCK168_C00001_R00003_S005_548.png,148.8513514,1611.528931,NA
180,4,3,2,1343,NA,NA,NA,C:/Users/bdrye/Downloads/NAIP_2020/NAIP_4Band_2020/imagery/37119/m_3711960_ne_11_060_20200805.tif,BLOCK180_C00004_R00003_S002_1343.png,157.1848739,462.1975098,NA
180,4,3,2,3317,NA,NA,NA,C:/Users/bdrye/Downloads/NAIP_2020/NAIP_4Band_2020/imagery/37119/m_3711960_ne_11_060_20200805.tif,BLOCK180_C00004_R00003_S002_3317.png,143.8666667,557.4534302,NA
180,4,3,2,2056,NA,NA,NA,C:/Users/bdrye/Downloads/NAIP_2020/NAIP_4Band_2020/imagery/37119/m_3711960_ne_11_060_20200805.tif,BLOCK180_C00004_R00003_S002_2056.png,152.8202247,501.9367065,NA
168,1,4,NA,2699,NA,NA,NA,C:/Users/bdrye/Downloads/NAIP_2020/NAIP_4Band_2020/imagery/37119/m_3711918_ne_11_060_20200626.tif,BLOCK168_C00001_R00004_2699.png,171.0545455,1652.630005,NA
180,4,3,2,4540,NA,NA,NA,C:/Users/bdrye/Downloads/NAIP_2020/NAIP_4Band_2020/imagery/37119/m_3711960_ne_11_060_20200805.tif,BLOCK180_C00004_R00003_S002_4540.png,133,523.8580933,NA
180,4,3,2,4394,NA,NA,NA,C:/Users/bdrye/Downloads/NAIP_2020/NAIP_4Band_2020/imagery/37119/m_3711960_ne_11_060_20200805.tif,BLOCK180_C00004_R00003_S002_4394.png,197.3333333,483.3974915,NA
168,1,3,6,4721,NA,NA,NA,C:/Users/bdrye/Downloads/NAIP_2020/NAIP_4Band_2020/imagery/37119/m_3711918_ne_11_060_20200626.tif,BLOCK168_C00001_R00003_S006_4721.png,159.6666667,1481.003052,NA
180,4,3,2,829,NA,NA,NA,C:/Users/bdrye/Downloads/NAIP_2020/NAIP_4Band_2020/imagery/37119/m_3711960_ne_11_060_20200805.tif,BLOCK180_C00004_R00003_S002_829.png,165.734375,430.3833008,NA
168,1,3,6,1872,NA,NA,NA,C:/Users/bdrye/Downloads/NAIP_2020/NAIP_4Band_2020/imagery/37119/m_3711918_ne_11_060_20200626.tif,BLOCK168_C00001_R00003_S006_1872.png,167,1448.227539,NA
168,1,4,NA,10234,NA,NA,NA,C:/Users/bdrye/Downloads/NAIP_2020/NAIP_4Band_2020/imagery/37119/m_3711918_ne_11_060_20200626.tif,BLOCK168_C00001_R00004_10234.png,171,1710.75,NA
168,1,3,6,6589,NA,NA,NA,C:/Users/bdrye/Downloads/NAIP_2020/NAIP_4Band_2020/imagery/37119/m_3711918_ne_11_060_20200626.tif,BLOCK168_C00001_R00003_S006_6589.png,169.2173913,1453.287109,NA
168,1,3,5,9662,NA,NA,NA,C:/Users/bdrye/Downloads/NAIP_2020/NAIP_4Band_2020/imagery/37119/m_3711918_ne_11_060_20200626.tif,BLOCK168_C00001_R00003_S005_9662.png,143.9545455,1572.670044,NA
180,4,3,2,1306,NA,NA,NA,C:/Users/bdrye/Downloads/NAIP_2020/NAIP_4Band_2020/imagery/37119/m_3711960_ne_11_060_20200805.tif,BLOCK180_C00004_R00003_S002_1306.png,142.8333333,557.4534302,NA
180,4,3,1,1744,NA,NA,NA,C:/Users/bdrye/Downloads/NAIP_2020/NAIP_4Band_2020/imagery/37119/m_3711960_ne_11_060_20200805.tif,BLOCK180_C00004_R00003_S001_1744.png,184.8382353,644.9119873,NA
168,1,3,5,10413,NA,NA,NA,C:/Users/bdrye/Downloads/NAIP_2020/NAIP_4Band_2020/imagery/37119/m_3711918_ne_11_060_20200626.tif,BLOCK168_C00001_R00003_S005_10413.png,203.974359,1558.704956,NA
168,1,3,6,3623,NA,NA,NA,C:/Users/bdrye/Downloads/NAIP_2020/NAIP_4Band_2020/imagery/37119/m_3711918_ne_11_060_20200626.tif,BLOCK168_C00001_R00003_S006_3623.png,186.5921053,1392.185059,NA
168,1,3,6,7465,NA,NA,NA,C:/Users/bdrye/Downloads/NAIP_2020/NAIP_4Band_2020/imagery/37119/m_3711918_ne_11_060_20200626.tif,BLOCK168_C00001_R00003_S006_7465.png,213.5384615,1447.60498,NA
168,1,4,NA,13672,NA,NA,NA,C:/Users/bdrye/Downloads/NAIP_2020/NAIP_4Band_2020/imagery/37119/m_3711918_ne_11_060_20200626.tif,BLOCK168_C00001_R00004_13672.png,181,1738.657959,NA
168,1,3,5,2194,NA,NA,NA,C:/Users/bdrye/Downloads/NAIP_2020/NAIP_4Band_2020/imagery/37119/m_3711918_ne_11_060_20200626.tif,BLOCK168_C00001_R00003_S005_2194.png,158.9803922,1589.008789,NA
180,4,3,1,3688,NA,NA,NA,C:/Users/bdrye/Downloads/NAIP_2020/NAIP_4Band_2020/imagery/37119/m_3711960_ne_11_060_20200805.tif,BLOCK180_C00004_R00003_S001_3688.png,127.6666667,604.927124,NA
180,4,3,2,812,NA,NA,NA,C:/Users/bdrye/Downloads/NAIP_2020/NAIP_4Band_2020/imagery/37119/m_3711960_ne_11_060_20200805.tif,BLOCK180_C00004_R00003_S002_812.png,191.1975309,373.3900146,NA
180,4,3,2,4371,NA,NA,NA,C:/Users/bdrye/Downloads/NAIP_2020/NAIP_4Band_2020/imagery/37119/m_3711960_ne_11_060_20200805.tif,BLOCK180_C00004_R00003_S002_4371.png,205.75,566.156311,NA
168,1,3,6,422,NA,NA,NA,C:/Users/bdrye/Downloads/NAIP_2020/NAIP_4Band_2020/imagery/37119/m_3711918_ne_11_060_20200626.tif,BLOCK168_C00001_R00003_S006_422.png,176.5131579,1430.143188,NA
180,4,3,1,999,NA,NA,NA,C:/Users/bdrye/Downloads/NAIP_2020/NAIP_4Band_2020/imagery/37119/m_3711960_ne_11_060_20200805.tif,BLOCK180_C00004_R00003_S001_999.png,176.4366197,605.9262695,NA
180,4,3,1,1596,NA,NA,NA,C:/Users/bdrye/Downloads/NAIP_2020/NAIP_4Band_2020/imagery/37119/m_3711960_ne_11_060_20200805.tif,BLOCK180_C00004_R00003_S001_1596.png,133.1282051,613.0360107,NA
168,1,3,5,11895,NA,NA,NA,C:/Users/bdrye/Downloads/NAIP_2020/NAIP_4Band_2020/imagery/37119/m_3711918_ne_11_060_20200626.tif,BLOCK168_C00001_R00003_S005_11895.png,196.2777778,1634.650024,NA
168,1,3,6,8293,NA,NA,NA,C:/Users/bdrye/Downloads/NAIP_2020/NAIP_4Band_2020/imagery/37119/m_3711918_ne_11_060_20200626.tif,BLOCK168_C00001_R00003_S006_8293.png,144.75,1448.030029,NA
180,4,3,2,2436,NA,NA,NA,C:/Users/bdrye/Downloads/NAIP_2020/NAIP_4Band_2020/imagery/37119/m_3711960_ne_11_060_20200805.tif,BLOCK180_C00004_R00003_S002_2436.png,164.2272727,364.7600098,NA
168,1,3,5,7021,NA,NA,NA,C:/Users/bdrye/Downloads/NAIP_2020/NAIP_4Band_2020/imagery/37119/m_3711918_ne_11_060_20200626.tif,BLOCK168_C00001_R00003_S005_7021.png,152.5757576,1567.31189,NA
168,1,4,NA,13999,NA,NA,NA,C:/Users/bdrye/Downloads/NAIP_2020/NAIP_4Band_2020/imagery/37119/m_3711918_ne_11_060_20200626.tif,BLOCK168_C00001_R00004_13999.png,213,1607.369995,NA
180,4,3,2,4046,NA,NA,NA,C:/Users/bdrye/Downloads/NAIP_2020/NAIP_4Band_2020/imagery/37119/m_3711960_ne_11_060_20200805.tif,BLOCK180_C00004_R00003_S002_4046.png,210.6666667,365.7605896,NA
168,1,3,5,1461,NA,NA,NA,C:/Users/bdrye/Downloads/NAIP_2020/NAIP_4Band_2020/imagery/37119/m_3711918_ne_11_060_20200626.tif,BLOCK168_C00001_R00003_S005_1461.png,175.6535433,1530.089966,NA
180,4,3,2,4153,NA,NA,NA,C:/Users/bdrye/Downloads/NAIP_2020/NAIP_4Band_2020/imagery/37119/m_3711960_ne_11_060_20200805.tif,BLOCK180_C00004_R00003_S002_4153.png,167.8333333,530.2531128,NA
180,4,3,1,685,NA,NA,NA,C:/Users/bdrye/Downloads/NAIP_2020/NAIP_4Band_2020/imagery/37119/m_3711960_ne_11_060_20200805.tif,BLOCK180_C00004_R00003_S001_685.png,195.2861111,609.9199829,NA
180,4,3,1,1074,NA,NA,NA,C:/Users/bdrye/Downloads/NAIP_2020/NAIP_4Band_2020/imagery/37119/m_3711960_ne_11_060_20200805.tif,BLOCK180_C00004_R00003_S001_1074.png,180.35,616.0750122,NA
180,4,3,1,1988,NA,NA,NA,C:/Users/bdrye/Downloads/NAIP_2020/NAIP_4Band_2020/imagery/37119/m_3711960_ne_11_060_20200805.tif,BLOCK180_C00004_R00003_S001_1988.png,196.72,608.8137817,NA
168,1,4,NA,13907,NA,NA,NA,C:/Users/bdrye/Downloads/NAIP_2020/NAIP_4Band_2020/imagery/37119/m_3711918_ne_11_060_20200626.tif,BLOCK168_C00001_R00004_13907.png,213,1578.049927,NA
180,4,3,1,2965,NA,NA,NA,C:/Users/bdrye/Downloads/NAIP_2020/NAIP_4Band_2020/imagery/37119/m_3711960_ne_11_060_20200805.tif,BLOCK180_C00004_R00003_S001_2965.png,151.6206897,603.1384277,NA
180,4,3,2,2647,NA,NA,NA,C:/Users/bdrye/Downloads/NAIP_2020/NAIP_4Band_2020/imagery/37119/m_3711960_ne_11_060_20200805.tif,BLOCK180_C00004_R00003_S002_2647.png,171.0149254,454.781189,NA
180,4,3,2,3323,NA,NA,NA,C:/Users/bdrye/Downloads/NAIP_2020/NAIP_4Band_2020/imagery/37119/m_3711960_ne_11_060_20200805.tif,BLOCK180_C00004_R00003_S002_3323.png,139.6,501.9367065,NA
168,1,3,6,7264,NA,NA,NA,C:/Users/bdrye/Downloads/NAIP_2020/NAIP_4Band_2020/imagery/37119/m_3711918_ne_11_060_20200626.tif,BLOCK168_C00001_R00003_S006_7264.png,208.0133333,1404.239746,NA
168,1,4,NA,9526,NA,NA,NA,C:/Users/bdrye/Downloads/NAIP_2020/NAIP_4Band_2020/imagery/37119/m_3711918_ne_11_060_20200626.tif,BLOCK168_C00001_R00004_9526.png,177.375,1611.528931,NA
168,1,3,5,11927,NA,NA,NA,C:/Users/bdrye/Downloads/NAIP_2020/NAIP_4Band_2020/imagery/37119/m_3711918_ne_11_060_20200626.tif,BLOCK168_C00001_R00003_S005_11927.png,132.4285714,1574.900024,NA
168,1,4,NA,5592,NA,NA,NA,C:/Users/bdrye/Downloads/NAIP_2020/NAIP_4Band_2020/imagery/37119/m_3711918_ne_11_060_20200626.tif,BLOCK168_C00001_R00004_5592.png,184.0144928,1608.241699,NA
168,1,3,5,9054,NA,NA,NA,C:/Users/bdrye/Downloads/NAIP_2020/NAIP_4Band_2020/imagery/37119/m_3711918_ne_11_060_20200626.tif,BLOCK168_C00001_R00003_S005_9054.png,147.875,1608.390015,NA
168,1,3,5,13229,NA,NA,NA,C:/Users/bdrye/Downloads/NAIP_2020/NAIP_4Band_2020/imagery/37119/m_3711918_ne_11_060_20200626.tif,BLOCK168_C00001_R00003_S005_13229.png,211,1677.047729,NA
180,4,3,2,2427,NA,NA,NA,C:/Users/bdrye/Downloads/NAIP_2020/NAIP_4Band_2020/imagery/37119/m_3711960_ne_11_060_20200805.tif,BLOCK180_C00004_R00003_S002_2427.png,179.5853659,398.5881958,NA
168,1,3,5,12927,NA,NA,NA,C:/Users/bdrye/Downloads/NAIP_2020/NAIP_4Band_2020/imagery/37119/m_3711918_ne_11_060_20200626.tif,BLOCK168_C00001_R00003_S005_12927.png,154.4285714,1637.060059,NA
168,1,3,5,13573,NA,NA,NA,C:/Users/bdrye/Downloads/NAIP_2020/NAIP_4Band_2020/imagery/37119/m_3711918_ne_11_060_20200626.tif,BLOCK168_C00001_R00003_S005_13573.png,133.5,1570.045044,NA
180,4,3,2,4600,NA,NA,NA,C:/Users/bdrye/Downloads/NAIP_2020/NAIP_4Band_2020/imagery/37119/m_3711960_ne_11_060_20200805.tif,BLOCK180_C00004_R00003_S002_4600.png,131,356.0599976,NA
168,1,3,6,7837,NA,NA,NA,C:/Users/bdrye/Downloads/NAIP_2020/NAIP_4Band_2020/imagery/37119/m_3711918_ne_11_060_20200626.tif,BLOCK168_C00001_R00003_S006_7837.png,186.8333333,1569.294922,NA
180,4,3,2,4350,NA,NA,NA,C:/Users/bdrye/Downloads/NAIP_2020/NAIP_4Band_2020/imagery/37119/m_3711960_ne_11_060_20200805.tif,BLOCK180_C00004_R00003_S002_4350.png,157.2352941,447.6625977,NA
180,4,3,2,4548,NA,NA,NA,C:/Users/bdrye/Downloads/NAIP_2020/NAIP_4Band_2020/imagery/37119/m_3711960_ne_11_060_20200805.tif,BLOCK180_C00004_R00003_S002_4548.png,206.6,524.8353882,NA
168,1,4,NA,11736,NA,NA,NA,C:/Users/bdrye/Downloads/NAIP_2020/NAIP_4Band_2020/imagery/37119/m_3711918_ne_11_060_20200626.tif,BLOCK168_C00001_R00004_11736.png,195.4166667,1780.540039,NA
168,1,3,6,4060,NA,NA,NA,C:/Users/bdrye/Downloads/NAIP_2020/NAIP_4Band_2020/imagery/37119/m_3711918_ne_11_060_20200626.tif,BLOCK168_C00001_R00003_S006_4060.png,157.7826087,1391.46521,NA
168,1,4,NA,11964,NA,NA,NA,C:/Users/bdrye/Downloads/NAIP_2020/NAIP_4Band_2020/imagery/37119/m_3711918_ne_11_060_20200626.tif,BLOCK168_C00001_R00004_11964.png,215.55,1589.586548,NA
168,1,3,5,13740,NA,NA,NA,C:/Users/bdrye/Downloads/NAIP_2020/NAIP_4Band_2020/imagery/37119/m_3711918_ne_11_060_20200626.tif,BLOCK168_C00001_R00003_S005_13740.png,199.5,1570.550049,NA
168,1,3,6,3674,NA,NA,NA,C:/Users/bdrye/Downloads/NAIP_2020/NAIP_4Band_2020/imagery/37119/m_3711918_ne_11_060_20200626.tif,BLOCK168_C00001_R00003_S006_3674.png,182.5111111,1413.928345,NA
180,4,3,1,2504,NA,NA,NA,C:/Users/bdrye/Downloads/NAIP_2020/NAIP_4Band_2020/imagery/37119/m_3711960_ne_11_060_20200805.tif,BLOCK180_C00004_R00003_S001_2504.png,203.7384615,607.6500244,NA
168,1,4,NA,10290,NA,NA,NA,C:/Users/bdrye/Downloads/NAIP_2020/NAIP_4Band_2020/imagery/37119/m_3711918_ne_11_060_20200626.tif,BLOCK168_C00001_R00004_10290.png,191.4210526,1762.880005,NA
168,1,3,6,1517,NA,NA,NA,C:/Users/bdrye/Downloads/NAIP_2020/NAIP_4Band_2020/imagery/37119/m_3711918_ne_11_060_20200626.tif,BLOCK168_C00001_R00003_S006_1517.png,135.02,1455.637817,NA
180,4,3,2,4519,NA,NA,NA,C:/Users/bdrye/Downloads/NAIP_2020/NAIP_4Band_2020/imagery/37119/m_3711960_ne_11_060_20200805.tif,BLOCK180_C00004_R00003_S002_4519.png,207,393.4588928,NA
180,4,3,2,1415,NA,NA,NA,C:/Users/bdrye/Downloads/NAIP_2020/NAIP_4Band_2020/imagery/37119/m_3711960_ne_11_060_20200805.tif,BLOCK180_C00004_R00003_S002_1415.png,169.9565217,379.2825012,NA
180,4,3,1,1193,NA,NA,NA,C:/Users/bdrye/Downloads/NAIP_2020/NAIP_4Band_2020/imagery/37119/m_3711960_ne_11_060_20200805.tif,BLOCK180_C00004_R00003_S001_1193.png,155.2333333,647.9274902,NA
180,4,3,2,3652,NA,NA,NA,C:/Users/bdrye/Downloads/NAIP_2020/NAIP_4Band_2020/imagery/37119/m_3711960_ne_11_060_20200805.tif,BLOCK180_C00004_R00003_S002_3652.png,134.2,449.980011,NA
168,1,3,6,6771,NA,NA,NA,C:/Users/bdrye/Downloads/NAIP_2020/NAIP_4Band_2020/imagery/37119/m_3711918_ne_11_060_20200626.tif,BLOCK168_C00001_R00003_S006_6771.png,185.3095238,1442.670044,NA
180,4,3,1,4128,NA,NA,NA,C:/Users/bdrye/Downloads/NAIP_2020/NAIP_4Band_2020/imagery/37119/m_3711960_ne_11_060_20200805.tif,BLOCK180_C00004_R00003_S001_4128.png,153.5,610.9136963,NA
168,1,4,NA,9453,NA,NA,NA,C:/Users/bdrye/Downloads/NAIP_2020/NAIP_4Band_2020/imagery/37119/m_3711918_ne_11_060_20200626.tif,BLOCK168_C00001_R00004_9453.png,192.8333333,1750.377075,NA
168,1,4,NA,8048,NA,NA,NA,C:/Users/bdrye/Downloads/NAIP_2020/NAIP_4Band_2020/imagery/37119/m_3711918_ne_11_060_20200626.tif,BLOCK168_C00001_R00004_8048.png,138.34,1837.814941,NA
168,1,4,NA,850,NA,NA,NA,C:/Users/bdrye/Downloads/NAIP_2020/NAIP_4Band_2020/imagery/37119/m_3711918_ne_11_060_20200626.tif,BLOCK168_C00001_R00004_850.png,172.9917355,1536.339966,NA
168,1,3,5,3105,NA,NA,NA,C:/Users/bdrye/Downloads/NAIP_2020/NAIP_4Band_2020/imagery/37119/m_3711918_ne_11_060_20200626.tif,BLOCK168_C00001_R00003_S005_3105.png,156.1395349,1539.650024,NA
168,1,4,NA,7287,NA,NA,NA,C:/Users/bdrye/Downloads/NAIP_2020/NAIP_4Band_2020/imagery/37119/m_3711918_ne_11_060_20200626.tif,BLOCK168_C00001_R00004_7287.png,174.5882353,1793.081421,NA
168,1,3,5,7302,NA,NA,NA,C:/Users/bdrye/Downloads/NAIP_2020/NAIP_4Band_2020/imagery/37119/m_3711918_ne_11_060_20200626.tif,BLOCK168_C00001_R00003_S005_7302.png,142.2105263,1690.942505,NA
180,4,3,1,3628,NA,NA,NA,C:/Users/bdrye/Downloads/NAIP_2020/NAIP_4Band_2020/imagery/37119/m_3711960_ne_11_060_20200805.tif,BLOCK180_C00004_R00003_S001_3628.png,143.6521739,628.7080078,NA
168,1,3,5,8781,NA,NA,NA,C:/Users/bdrye/Downloads/NAIP_2020/NAIP_4Band_2020/imagery/37119/m_3711918_ne_11_060_20200626.tif,BLOCK168_C00001_R00003_S005_8781.png,182.6222222,1567.400024,NA
168,1,4,NA,11205,NA,NA,NA,C:/Users/bdrye/Downloads/NAIP_2020/NAIP_4Band_2020/imagery/37119/m_3711918_ne_11_060_20200626.tif,BLOCK168_C00001_R00004_11205.png,194.2727273,1767.619995,NA
168,1,4,NA,10993,NA,NA,NA,C:/Users/bdrye/Downloads/NAIP_2020/NAIP_4Band_2020/imagery/37119/m_3711918_ne_11_060_20200626.tif,BLOCK168_C00001_R00004_10993.png,144.375,1803.743774,NA
168,1,3,6,8627,NA,NA,NA,C:/Users/bdrye/Downloads/NAIP_2020/NAIP_4Band_2020/imagery/37119/m_3711918_ne_11_060_20200626.tif,BLOCK168_C00001_R00003_S006_8627.png,134.5,1464.750977,NA
180,4,3,2,2653,NA,NA,NA,C:/Users/bdrye/Downloads/NAIP_2020/NAIP_4Band_2020/imagery/37119/m_3711960_ne_11_060_20200805.tif,BLOCK180_C00004_R00003_S002_2653.png,132.6875,462.1975098,NA
180,4,3,2,355,NA,NA,NA,C:/Users/bdrye/Downloads/NAIP_2020/NAIP_4Band_2020/imagery/37119/m_3711960_ne_11_060_20200805.tif,BLOCK180_C00004_R00003_S002_355.png,167.7368421,477.7860107,NA
168,1,3,5,4432,NA,NA,NA,C:/Users/bdrye/Downloads/NAIP_2020/NAIP_4Band_2020/imagery/37119/m_3711918_ne_11_060_20200626.tif,BLOCK168_C00001_R00003_S005_4432.png,134.7631579,1638.659912,NA
180,4,3,2,3928,NA,NA,NA,C:/Users/bdrye/Downloads/NAIP_2020/NAIP_4Band_2020/imagery/37119/m_3711960_ne_11_060_20200805.tif,BLOCK180_C00004_R00003_S002_3928.png,138.3333333,356.7200012,NA
180,4,3,2,3146,NA,NA,NA,C:/Users/bdrye/Downloads/NAIP_2020/NAIP_4Band_2020/imagery/37119/m_3711960_ne_11_060_20200805.tif,BLOCK180_C00004_R00003_S002_3146.png,197.5348837,509.5542908,NA
180,4,3,2,2767,NA,NA,NA,C:/Users/bdrye/Downloads/NAIP_2020/NAIP_4Band_2020/imagery/37119/m_3711960_ne_11_060_20200805.tif,BLOCK180_C00004_R00003_S002_2767.png,162.3478261,365.6650085,NA
180,4,3,2,4397,NA,NA,NA,C:/Users/bdrye/Downloads/NAIP_2020/NAIP_4Band_2020/imagery/37119/m_3711960_ne_11_060_20200805.tif,BLOCK180_C00004_R00003_S002_4397.png,209,465.8973083,NA
180,4,3,2,3272,NA,NA,NA,C:/Users/bdrye/Downloads/NAIP_2020/NAIP_4Band_2020/imagery/37119/m_3711960_ne_11_060_20200805.tif,BLOCK180_C00004_R00003_S002_3272.png,134.6470588,501.9367065,NA
168,1,3,6,3250,NA,NA,NA,C:/Users/bdrye/Downloads/NAIP_2020/NAIP_4Band_2020/imagery/37119/m_3711918_ne_11_060_20200626.tif,BLOCK168_C00001_R00003_S006_3250.png,160.5108696,1476.560059,NA
180,4,3,2,4535,NA,NA,NA,C:/Users/bdrye/Downloads/NAIP_2020/NAIP_4Band_2020/imagery/37119/m_3711960_ne_11_060_20200805.tif,BLOCK180_C00004_R00003_S002_4535.png,209,539.6082764,NA
180,4,3,1,2705,NA,NA,NA,C:/Users/bdrye/Downloads/NAIP_2020/NAIP_4Band_2020/imagery/37119/m_3711960_ne_11_060_20200805.tif,BLOCK180_C00004_R00003_S001_2705.png,128.5714286,615.2692871,NA
168,1,4,NA,5861,NA,NA,NA,C:/Users/bdrye/Downloads/NAIP_2020/NAIP_4Band_2020/imagery/37119/m_3711918_ne_11_060_20200626.tif,BLOCK168_C00001_R00004_5861.png,145.7333333,1553.4021,NA
168,1,3,5,8053,NA,NA,NA,C:/Users/bdrye/Downloads/NAIP_2020/NAIP_4Band_2020/imagery/37119/m_3711918_ne_11_060_20200626.tif,BLOCK168_C00001_R00003_S005_8053.png,150.5384615,1723.332031,NA
168,1,4,NA,12577,NA,NA,NA,C:/Users/bdrye/Downloads/NAIP_2020/NAIP_4Band_2020/imagery/37119/m_3711918_ne_11_060_20200626.tif,BLOCK168_C00001_R00004_12577.png,206.5,1645.300049,NA
180,4,3,1,2902,NA,NA,NA,C:/Users/bdrye/Downloads/NAIP_2020/NAIP_4Band_2020/imagery/37119/m_3711960_ne_11_060_20200805.tif,BLOCK180_C00004_R00003_S001_2902.png,131.8125,610.5300293,NA
168,1,3,5,11636,NA,NA,NA,C:/Users/bdrye/Downloads/NAIP_2020/NAIP_4Band_2020/imagery/37119/m_3711918_ne_11_060_20200626.tif,BLOCK168_C00001_R00003_S005_11636.png,185.8947368,1523.788452,NA
168,1,4,NA,2419,NA,NA,NA,C:/Users/bdrye/Downloads/NAIP_2020/NAIP_4Band_2020/imagery/37119/m_3711918_ne_11_060_20200626.tif,BLOCK168_C00001_R00004_2419.png,134.3384615,1784.544922,NA
168,1,3,5,10364,NA,NA,NA,C:/Users/bdrye/Downloads/NAIP_2020/NAIP_4Band_2020/imagery/37119/m_3711918_ne_11_060_20200626.tif,BLOCK168_C00001_R00003_S005_10364.png,164.5517241,1698.950073,NA
168,1,3,6,1045,NA,NA,NA,C:/Users/bdrye/Downloads/NAIP_2020/NAIP_4Band_2020/imagery/37119/m_3711918_ne_11_060_20200626.tif,BLOCK168_C00001_R00003_S006_1045.png,144.3866667,1398.52002,NA
168,1,3,5,13772,NA,NA,NA,C:/Users/bdrye/Downloads/NAIP_2020/NAIP_4Band_2020/imagery/37119/m_3711918_ne_11_060_20200626.tif,BLOCK168_C00001_R00003_S005_13772.png,213.5,1627.307495,NA
180,4,3,1,1372,NA,NA,NA,C:/Users/bdrye/Downloads/NAIP_2020/NAIP_4Band_2020/imagery/37119/m_3711960_ne_11_060_20200805.tif,BLOCK180_C00004_R00003_S001_1372.png,165.4308943,659.5161743,NA
168,1,3,5,7654,NA,NA,NA,C:/Users/bdrye/Downloads/NAIP_2020/NAIP_4Band_2020/imagery/37119/m_3711918_ne_11_060_20200626.tif,BLOCK168_C00001_R00003_S005_7654.png,193.4769231,1544.22998,NA
168,1,4,NA,13249,NA,NA,NA,C:/Users/bdrye/Downloads/NAIP_2020/NAIP_4Band_2020/imagery/37119/m_3711918_ne_11_060_20200626.tif,BLOCK168_C00001_R00004_13249.png,208,1628.263306,NA
168,1,3,6,360,NA,NA,NA,C:/Users/bdrye/Downloads/NAIP_2020/NAIP_4Band_2020/imagery/37119/m_3711918_ne_11_060_20200626.tif,BLOCK168_C00001_R00003_S006_360.png,185.9385965,1380.473999,NA
180,4,3,2,4021,NA,NA,NA,C:/Users/bdrye/Downloads/NAIP_2020/NAIP_4Band_2020/imagery/37119/m_3711960_ne_11_060_20200805.tif,BLOCK180_C00004_R00003_S002_4021.png,211.7083333,439.7141113,NA
168,1,4,NA,3895,NA,NA,NA,C:/Users/bdrye/Downloads/NAIP_2020/NAIP_4Band_2020/imagery/37119/m_3711918_ne_11_060_20200626.tif,BLOCK168_C00001_R00004_3895.png,131.6829268,1625.937134,NA
180,4,3,2,4527,NA,NA,NA,C:/Users/bdrye/Downloads/NAIP_2020/NAIP_4Band_2020/imagery/37119/m_3711960_ne_11_060_20200805.tif,BLOCK180_C00004_R00003_S002_4527.png,173.2,351.9200134,NA
180,4,3,1,2417,NA,NA,NA,C:/Users/bdrye/Downloads/NAIP_2020/NAIP_4Band_2020/imagery/37119/m_3711960_ne_11_060_20200805.tif,BLOCK180_C00004_R00003_S001_2417.png,129.1578947,618.0385132,NA
168,1,3,6,4481,NA,NA,NA,C:/Users/bdrye/Downloads/NAIP_2020/NAIP_4Band_2020/imagery/37119/m_3711918_ne_11_060_20200626.tif,BLOCK168_C00001_R00003_S006_4481.png,139.9615385,1484.140015,NA
180,4,3,1,4009,NA,NA,NA,C:/Users/bdrye/Downloads/NAIP_2020/NAIP_4Band_2020/imagery/37119/m_3711960_ne_11_060_20200805.tif,BLOCK180_C00004_R00003_S001_4009.png,198,620.7313843,NA
168,1,4,NA,11838,NA,NA,NA,C:/Users/bdrye/Downloads/NAIP_2020/NAIP_4Band_2020/imagery/37119/m_3711918_ne_11_060_20200626.tif,BLOCK168_C00001_R00004_11838.png,166.5,1640.841553,NA
168,1,3,5,6876,NA,NA,NA,C:/Users/bdrye/Downloads/NAIP_2020/NAIP_4Band_2020/imagery/37119/m_3711918_ne_11_060_20200626.tif,BLOCK168_C00001_R00003_S005_6876.png,158.52,1629.89563,NA
180,4,3,1,3878,NA,NA,NA,C:/Users/bdrye/Downloads/NAIP_2020/NAIP_4Band_2020/imagery/37119/m_3711960_ne_11_060_20200805.tif,BLOCK180_C00004_R00003_S001_3878.png,203.625,615.2669067,NA
168,1,3,6,2594,NA,NA,NA,C:/Users/bdrye/Downloads/NAIP_2020/NAIP_4Band_2020/imagery/37119/m_3711918_ne_11_060_20200626.tif,BLOCK168_C00001_R00003_S006_2594.png,186.2765957,1452.921997,NA
180,4,3,2,3561,NA,NA,NA,C:/Users/bdrye/Downloads/NAIP_2020/NAIP_4Band_2020/imagery/37119/m_3711960_ne_11_060_20200805.tif,BLOCK180_C00004_R00003_S002_3561.png,187.7647059,595.7719727,NA
168,1,3,5,2692,NA,NA,NA,C:/Users/bdrye/Downloads/NAIP_2020/NAIP_4Band_2020/imagery/37119/m_3711918_ne_11_060_20200626.tif,BLOCK168_C00001_R00003_S005_2692.png,144.1923077,1458.930054,NA
180,4,3,1,3376,NA,NA,NA,C:/Users/bdrye/Downloads/NAIP_2020/NAIP_4Band_2020/imagery/37119/m_3711960_ne_11_060_20200805.tif,BLOCK180_C00004_R00003_S001_3376.png,148.44,646.7191162,NA
180,4,3,2,3632,NA,NA,NA,C:/Users/bdrye/Downloads/NAIP_2020/NAIP_4Band_2020/imagery/37119/m_3711960_ne_11_060_20200805.tif,BLOCK180_C00004_R00003_S002_3632.png,125,494.535614,NA
168,1,3,6,564,NA,NA,NA,C:/Users/bdrye/Downloads/NAIP_2020/NAIP_4Band_2020/imagery/37119/m_3711918_ne_11_060_20200626.tif,BLOCK168_C00001_R00003_S006_564.png,151.7807018,1534.392822,NA
168,1,4,NA,13953,NA,NA,NA,C:/Users/bdrye/Downloads/NAIP_2020/NAIP_4Band_2020/imagery/37119/m_3711918_ne_11_060_20200626.tif,BLOCK168_C00001_R00004_13953.png,144,1571.71106,NA
168,1,3,5,34,NA,NA,NA,C:/Users/bdrye/Downloads/NAIP_2020/NAIP_4Band_2020/imagery/37119/m_3711918_ne_11_060_20200626.tif,BLOCK168_C00001_R00003_S005_34.png,172.3715596,1567.686035,NA
180,4,3,1,534,NA,NA,NA,C:/Users/bdrye/Downloads/NAIP_2020/NAIP_4Band_2020/imagery/37119/m_3711960_ne_11_060_20200805.tif,BLOCK180_C00004_R00003_S001_534.png,167.4705882,659.4777832,NA
168,1,3,6,4666,NA,NA,NA,C:/Users/bdrye/Downloads/NAIP_2020/NAIP_4Band_2020/imagery/37119/m_3711918_ne_11_060_20200626.tif,BLOCK168_C00001_R00003_S006_4666.png,141.1034483,1467.057983,NA
168,1,3,6,5355,NA,NA,NA,C:/Users/bdrye/Downloads/NAIP_2020/NAIP_4Band_2020/imagery/37119/m_3711918_ne_11_060_20200626.tif,BLOCK168_C00001_R00003_S006_5355.png,151.625,1380.689941,NA
168,1,4,NA,13194,NA,NA,NA,C:/Users/bdrye/Downloads/NAIP_2020/NAIP_4Band_2020/imagery/37119/m_3711918_ne_11_060_20200626.tif,BLOCK168_C00001_R00004_13194.png,124.6,1832.643433,NA
168,1,3,6,3428,NA,NA,NA,C:/Users/bdrye/Downloads/NAIP_2020/NAIP_4Band_2020/imagery/37119/m_3711918_ne_11_060_20200626.tif,BLOCK168_C00001_R00003_S006_3428.png,181.5909091,1447.589966,NA
168,1,3,5,6048,NA,NA,NA,C:/Users/bdrye/Downloads/NAIP_2020/NAIP_4Band_2020/imagery/37119/m_3711918_ne_11_060_20200626.tif,BLOCK168_C00001_R00003_S005_6048.png,166.1682243,1753.977783,NA
168,1,3,5,4404,NA,NA,NA,C:/Users/bdrye/Downloads/NAIP_2020/NAIP_4Band_2020/imagery/37119/m_3711918_ne_11_060_20200626.tif,BLOCK168_C00001_R00003_S005_4404.png,143.530303,1590.339966,NA
180,4,3,1,2610,NA,NA,NA,C:/Users/bdrye/Downloads/NAIP_2020/NAIP_4Band_2020/imagery/37119/m_3711960_ne_11_060_20200805.tif,BLOCK180_C00004_R00003_S001_2610.png,185.7714286,628.2966919,NA
180,4,3,2,434,NA,NA,NA,C:/Users/bdrye/Downloads/NAIP_2020/NAIP_4Band_2020/imagery/37119/m_3711960_ne_11_060_20200805.tif,BLOCK180_C00004_R00003_S002_434.png,159.0697674,492.1690979,NA
168,1,3,5,11453,NA,NA,NA,C:/Users/bdrye/Downloads/NAIP_2020/NAIP_4Band_2020/imagery/37119/m_3711918_ne_11_060_20200626.tif,BLOCK168_C00001_R00003_S005_11453.png,193.375,1692.712524,NA
168,1,4,NA,3204,NA,NA,NA,C:/Users/bdrye/Downloads/NAIP_2020/NAIP_4Band_2020/imagery/37119/m_3711918_ne_11_060_20200626.tif,BLOCK168_C00001_R00004_3204.png,141.7671233,1750.599976,NA
168,1,3,5,14503,NA,NA,NA,C:/Users/bdrye/Downloads/NAIP_2020/NAIP_4Band_2020/imagery/37119/m_3711918_ne_11_060_20200626.tif,BLOCK168_C00001_R00003_S005_14503.png,197.75,1458.790039,NA
180,4,3,2,3467,NA,NA,NA,C:/Users/bdrye/Downloads/NAIP_2020/NAIP_4Band_2020/imagery/37119/m_3711960_ne_11_060_20200805.tif,BLOCK180_C00004_R00003_S002_3467.png,155.362069,530.2531128,NA
168,1,3,5,14713,NA,NA,NA,C:/Users/bdrye/Downloads/NAIP_2020/NAIP_4Band_2020/imagery/37119/m_3711918_ne_11_060_20200626.tif,BLOCK168_C00001_R00003_S005_14713.png,183,1553.919922,NA
168,1,3,6,3127,NA,NA,NA,C:/Users/bdrye/Downloads/NAIP_2020/NAIP_4Band_2020/imagery/37119/m_3711918_ne_11_060_20200626.tif,BLOCK168_C00001_R00003_S006_3127.png,153.3454545,1419.471924,NA
180,4,3,2,693,NA,NA,NA,C:/Users/bdrye/Downloads/NAIP_2020/NAIP_4Band_2020/imagery/37119/m_3711960_ne_11_060_20200805.tif,BLOCK180_C00004_R00003_S002_693.png,168.4690722,459.123291,NA
168,1,4,NA,14328,NA,NA,NA,C:/Users/bdrye/Downloads/NAIP_2020/NAIP_4Band_2020/imagery/37119/m_3711918_ne_11_060_20200626.tif,BLOCK168_C00001_R00004_14328.png,137,1769.955078,NA
168,1,4,NA,1588,NA,NA,NA,C:/Users/bdrye/Downloads/NAIP_2020/NAIP_4Band_2020/imagery/37119/m_3711918_ne_11_060_20200626.tif,BLOCK168_C00001_R00004_1588.png,168.1542553,1743.45105,NA
168,1,3,5,2672,NA,NA,NA,C:/Users/bdrye/Downloads/NAIP_2020/NAIP_4Band_2020/imagery/37119/m_3711918_ne_11_060_20200626.tif,BLOCK168_C00001_R00003_S005_2672.png,147.5957447,1480.234741,NA
168,1,4,NA,11226,NA,NA,NA,C:/Users/bdrye/Downloads/NAIP_2020/NAIP_4Band_2020/imagery/37119/m_3711918_ne_11_060_20200626.tif,BLOCK168_C00001_R00004_11226.png,193.3333333,1782.343262,NA
168,1,3,5,12010,NA,NA,NA,C:/Users/bdrye/Downloads/NAIP_2020/NAIP_4Band_2020/imagery/37119/m_3711918_ne_11_060_20200626.tif,BLOCK168_C00001_R00003_S005_12010.png,184.7777778,1705.184937,NA
168,1,3,5,7936,NA,NA,NA,C:/Users/bdrye/Downloads/NAIP_2020/NAIP_4Band_2020/imagery/37119/m_3711918_ne_11_060_20200626.tif,BLOCK168_C00001_R00003_S005_7936.png,138.6,1643.184448,NA
168,1,4,NA,872,NA,NA,NA,C:/Users/bdrye/Downloads/NAIP_2020/NAIP_4Band_2020/imagery/37119/m_3711918_ne_11_060_20200626.tif,BLOCK168_C00001_R00004_872.png,146.4094488,1789.093262,NA
180,4,3,2,1674,NA,NA,NA,C:/Users/bdrye/Downloads/NAIP_2020/NAIP_4Band_2020/imagery/37119/m_3711960_ne_11_060_20200805.tif,BLOCK180_C00004_R00003_S002_1674.png,144.4237288,571.4119873,NA
180,4,3,2,3218,NA,NA,NA,C:/Users/bdrye/Downloads/NAIP_2020/NAIP_4Band_2020/imagery/37119/m_3711960_ne_11_060_20200805.tif,BLOCK180_C00004_R00003_S002_3218.png,156.4318182,571.4119873,NA
168,1,4,NA,5650,NA,NA,NA,C:/Users/bdrye/Downloads/NAIP_2020/NAIP_4Band_2020/imagery/37119/m_3711918_ne_11_060_20200626.tif,BLOCK168_C00001_R00004_5650.png,127.0892857,1784.185059,NA
180,4,3,2,4227,NA,NA,NA,C:/Users/bdrye/Downloads/NAIP_2020/NAIP_4Band_2020/imagery/37119/m_3711960_ne_11_060_20200805.tif,BLOCK180_C00004_R00003_S002_4227.png,208.0344828,474.3544922,NA
180,4,3,1,691,NA,NA,NA,C:/Users/bdrye/Downloads/NAIP_2020/NAIP_4Band_2020/imagery/37119/m_3711960_ne_11_060_20200805.tif,BLOCK180_C00004_R00003_S001_691.png,178.5375494,618.8850098,NA
168,1,3,6,8171,NA,NA,NA,C:/Users/bdrye/Downloads/NAIP_2020/NAIP_4Band_2020/imagery/37119/m_3711918_ne_11_060_20200626.tif,BLOCK168_C00001_R00003_S006_8171.png,202.8,1374.400024,NA
180,4,3,1,3500,NA,NA,NA,C:/Users/bdrye/Downloads/NAIP_2020/NAIP_4Band_2020/imagery/37119/m_3711960_ne_11_060_20200805.tif,BLOCK180_C00004_R00003_S001_3500.png,195.75,595.227478,NA
168,1,3,6,2946,NA,NA,NA,C:/Users/bdrye/Downloads/NAIP_2020/NAIP_4Band_2020/imagery/37119/m_3711918_ne_11_060_20200626.tif,BLOCK168_C00001_R00003_S006_2946.png,180.5867769,1475.405029,NA
168,1,3,6,417,NA,NA,NA,C:/Users/bdrye/Downloads/NAIP_2020/NAIP_4Band_2020/imagery/37119/m_3711918_ne_11_060_20200626.tif,BLOCK168_C00001_R00003_S006_417.png,171.0378378,1385.266602,NA
180,4,3,1,3619,NA,NA,NA,C:/Users/bdrye/Downloads/NAIP_2020/NAIP_4Band_2020/imagery/37119/m_3711960_ne_11_060_20200805.tif,BLOCK180_C00004_R00003_S001_3619.png,208.5833333,630.8521729,NA
180,4,3,2,1730,NA,NA,NA,C:/Users/bdrye/Downloads/NAIP_2020/NAIP_4Band_2020/imagery/37119/m_3711960_ne_11_060_20200805.tif,BLOCK180_C00004_R00003_S002_1730.png,145.9671053,567.8671875,NA
180,4,3,2,4185,NA,NA,NA,C:/Users/bdrye/Downloads/NAIP_2020/NAIP_4Band_2020/imagery/37119/m_3711960_ne_11_060_20200805.tif,BLOCK180_C00004_R00003_S002_4185.png,170.3333333,437.223999,NA
168,1,4,NA,8919,NA,NA,NA,C:/Users/bdrye/Downloads/NAIP_2020/NAIP_4Band_2020/imagery/37119/m_3711918_ne_11_060_20200626.tif,BLOCK168_C00001_R00004_8919.png,181.9230769,1754.390015,NA
168,1,3,6,8613,NA,NA,NA,C:/Users/bdrye/Downloads/NAIP_2020/NAIP_4Band_2020/imagery/37119/m_3711918_ne_11_060_20200626.tif,BLOCK168_C00001_R00003_S006_8613.png,207,1412.912842,NA
168,1,4,NA,5032,NA,NA,NA,C:/Users/bdrye/Downloads/NAIP_2020/NAIP_4Band_2020/imagery/37119/m_3711918_ne_11_060_20200626.tif,BLOCK168_C00001_R00004_5032.png,127.8235294,1795.469971,NA
180,4,3,2,3608,NA,NA,NA,C:/Users/bdrye/Downloads/NAIP_2020/NAIP_4Band_2020/imagery/37119/m_3711960_ne_11_060_20200805.tif,BLOCK180_C00004_R00003_S002_3608.png,187.3870968,352.1799927,NA
180,4,3,2,4089,NA,NA,NA,C:/Users/bdrye/Downloads/NAIP_2020/NAIP_4Band_2020/imagery/37119/m_3711960_ne_11_060_20200805.tif,BLOCK180_C00004_R00003_S002_4089.png,193.8064516,503.7558899,NA
180,4,3,1,2683,NA,NA,NA,C:/Users/bdrye/Downloads/NAIP_2020/NAIP_4Band_2020/imagery/37119/m_3711960_ne_11_060_20200805.tif,BLOCK180_C00004_R00003_S001_2683.png,175.875,638.25,NA
180,4,3,1,3488,NA,NA,NA,C:/Users/bdrye/Downloads/NAIP_2020/NAIP_4Band_2020/imagery/37119/m_3711960_ne_11_060_20200805.tif,BLOCK180_C00004_R00003_S001_3488.png,140.5,596.4500122,NA
180,4,3,2,2364,NA,NA,NA,C:/Users/bdrye/Downloads/NAIP_2020/NAIP_4Band_2020/imagery/37119/m_3711960_ne_11_060_20200805.tif,BLOCK180_C00004_R00003_S002_2364.png,194.6842105,386.6394958,NA
168,1,4,NA,12156,NA,NA,NA,C:/Users/bdrye/Downloads/NAIP_2020/NAIP_4Band_2020/imagery/37119/m_3711918_ne_11_060_20200626.tif,BLOCK168_C00001_R00004_12156.png,194.2727273,1711.304932,NA
168,1,3,5,2053,NA,NA,NA,C:/Users/bdrye/Downloads/NAIP_2020/NAIP_4Band_2020/imagery/37119/m_3711918_ne_11_060_20200626.tif,BLOCK168_C00001_R00003_S005_2053.png,183.2777778,1537.415039,NA
168,1,4,NA,1573,NA,NA,NA,C:/Users/bdrye/Downloads/NAIP_2020/NAIP_4Band_2020/imagery/37119/m_3711918_ne_11_060_20200626.tif,BLOCK168_C00001_R00004_1573.png,161.3355263,1653.359985,NA
168,1,3,6,3991,NA,NA,NA,C:/Users/bdrye/Downloads/NAIP_2020/NAIP_4Band_2020/imagery/37119/m_3711918_ne_11_060_20200626.tif,BLOCK168_C00001_R00003_S006_3991.png,134.1875,1388.38855,NA
180,4,3,2,1817,NA,NA,NA,C:/Users/bdrye/Downloads/NAIP_2020/NAIP_4Band_2020/imagery/37119/m_3711960_ne_11_060_20200805.tif,BLOCK180_C00004_R00003_S002_1817.png,170.0416667,409.8728943,NA
168,1,3,5,9631,NA,NA,NA,C:/Users/bdrye/Downloads/NAIP_2020/NAIP_4Band_2020/imagery/37119/m_3711918_ne_11_060_20200626.tif,BLOCK168_C00001_R00003_S005_9631.png,193.9,1494.802734,NA
168,1,3,5,5059,NA,NA,NA,C:/Users/bdrye/Downloads/NAIP_2020/NAIP_4Band_2020/imagery/37119/m_3711918_ne_11_060_20200626.tif,BLOCK168_C00001_R00003_S005_5059.png,184.3478261,1494.181641,NA
168,1,3,6,5606,NA,NA,NA,C:/Users/bdrye/Downloads/NAIP_2020/NAIP_4Band_2020/imagery/37119/m_3711918_ne_11_060_20200626.tif,BLOCK168_C00001_R00003_S006_5606.png,173.8214286,1448.5,NA
180,4,3,2,4511,NA,NA,NA,C:/Users/bdrye/Downloads/NAIP_2020/NAIP_4Band_2020/imagery/37119/m_3711960_ne_11_060_20200805.tif,BLOCK180_C00004_R00003_S002_4511.png,145.6666667,428.8909912,NA
168,1,3,6,3736,NA,NA,NA,C:/Users/bdrye/Downloads/NAIP_2020/NAIP_4Band_2020/imagery/37119/m_3711918_ne_11_060_20200626.tif,BLOCK168_C00001_R00003_S006_3736.png,160.7666667,1393.008911,NA
180,4,3,1,831,NA,NA,NA,C:/Users/bdrye/Downloads/NAIP_2020/NAIP_4Band_2020/imagery/37119/m_3711960_ne_11_060_20200805.tif,BLOCK180_C00004_R00003_S001_831.png,187.9767442,609.8693237,NA
168,1,4,NA,5543,NA,NA,NA,C:/Users/bdrye/Downloads/NAIP_2020/NAIP_4Band_2020/imagery/37119/m_3711918_ne_11_060_20200626.tif,BLOCK168_C00001_R00004_5543.png,178.0555556,1599.030029,NA
168,1,4,NA,9630,NA,NA,NA,C:/Users/bdrye/Downloads/NAIP_2020/NAIP_4Band_2020/imagery/37119/m_3711918_ne_11_060_20200626.tif,BLOCK168_C00001_R00004_9630.png,153.0666667,1874.8125,NA
168,1,4,NA,5502,NA,NA,NA,C:/Users/bdrye/Downloads/NAIP_2020/NAIP_4Band_2020/imagery/37119/m_3711918_ne_11_060_20200626.tif,BLOCK168_C00001_R00004_5502.png,148.6307692,1803.743774,NA
168,1,4,NA,10239,NA,NA,NA,C:/Users/bdrye/Downloads/NAIP_2020/NAIP_4Band_2020/imagery/37119/m_3711918_ne_11_060_20200626.tif,BLOCK168_C00001_R00004_10239.png,163.375,1721.204956,NA
180,4,3,2,3097,NA,NA,NA,C:/Users/bdrye/Downloads/NAIP_2020/NAIP_4Band_2020/imagery/37119/m_3711960_ne_11_060_20200805.tif,BLOCK180_C00004_R00003_S002_3097.png,165.625,489.0499878,NA
180,4,3,2,695,NA,NA,NA,C:/Users/bdrye/Downloads/NAIP_2020/NAIP_4Band_2020/imagery/37119/m_3711960_ne_11_060_20200805.tif,BLOCK180_C00004_R00003_S002_695.png,189.9964789,438.5714111,NA
180,4,3,1,243,NA,NA,NA,C:/Users/bdrye/Downloads/NAIP_2020/NAIP_4Band_2020/imagery/37119/m_3711960_ne_11_060_20200805.tif,BLOCK180_C00004_R00003_S001_243.png,172.7354497,596.4500122,NA
180,4,3,2,4319,NA,NA,NA,C:/Users/bdrye/Downloads/NAIP_2020/NAIP_4Band_2020/imagery/37119/m_3711960_ne_11_060_20200805.tif,BLOCK180_C00004_R00003_S002_4319.png,196,536.3375244,NA
168,1,3,6,7609,NA,NA,NA,C:/Users/bdrye/Downloads/NAIP_2020/NAIP_4Band_2020/imagery/37119/m_3711918_ne_11_060_20200626.tif,BLOCK168_C00001_R00003_S006_7609.png,213.7777778,1381.853394,NA
168,1,3,5,6789,NA,NA,NA,C:/Users/bdrye/Downloads/NAIP_2020/NAIP_4Band_2020/imagery/37119/m_3711918_ne_11_060_20200626.tif,BLOCK168_C00001_R00003_S005_6789.png,133.3793103,1763.207153,NA
168,1,4,NA,5139,NA,NA,NA,C:/Users/bdrye/Downloads/NAIP_2020/NAIP_4Band_2020/imagery/37119/m_3711918_ne_11_060_20200626.tif,BLOCK168_C00001_R00004_5139.png,142.0526316,1853.663452,NA
168,1,3,6,7019,NA,NA,NA,C:/Users/bdrye/Downloads/NAIP_2020/NAIP_4Band_2020/imagery/37119/m_3711918_ne_11_060_20200626.tif,BLOCK168_C00001_R00003_S006_7019.png,134.8571429,1447.589966,NA
180,4,3,2,3531,NA,NA,NA,C:/Users/bdrye/Downloads/NAIP_2020/NAIP_4Band_2020/imagery/37119/m_3711960_ne_11_060_20200805.tif,BLOCK180_C00004_R00003_S002_3531.png,159.2931034,467.6700134,NA
180,4,3,1,2617,NA,NA,NA,C:/Users/bdrye/Downloads/NAIP_2020/NAIP_4Band_2020/imagery/37119/m_3711960_ne_11_060_20200805.tif,BLOCK180_C00004_R00003_S001_2617.png,177.6704545,623.2811279,NA
180,4,3,1,3160,NA,NA,NA,C:/Users/bdrye/Downloads/NAIP_2020/NAIP_4Band_2020/imagery/37119/m_3711960_ne_11_060_20200805.tif,BLOCK180_C00004_R00003_S001_3160.png,188.375,583.3690186,NA
168,1,4,NA,6051,NA,NA,NA,C:/Users/bdrye/Downloads/NAIP_2020/NAIP_4Band_2020/imagery/37119/m_3711918_ne_11_060_20200626.tif,BLOCK168_C00001_R00004_6051.png,159.4285714,1769.165039,NA
168,1,4,NA,10054,NA,NA,NA,C:/Users/bdrye/Downloads/NAIP_2020/NAIP_4Band_2020/imagery/37119/m_3711918_ne_11_060_20200626.tif,BLOCK168_C00001_R00004_10054.png,201.8787879,1715.560059,NA
180,4,3,2,4593,NA,NA,NA,C:/Users/bdrye/Downloads/NAIP_2020/NAIP_4Band_2020/imagery/37119/m_3711960_ne_11_060_20200805.tif,BLOCK180_C00004_R00003_S002_4593.png,210,439.7141113,NA
168,1,3,5,13237,NA,NA,NA,C:/Users/bdrye/Downloads/NAIP_2020/NAIP_4Band_2020/imagery/37119/m_3711918_ne_11_060_20200626.tif,BLOCK168_C00001_R00003_S005_13237.png,187.2,1692.02002,NA
168,1,4,NA,6788,NA,NA,NA,C:/Users/bdrye/Downloads/NAIP_2020/NAIP_4Band_2020/imagery/37119/m_3711918_ne_11_060_20200626.tif,BLOCK168_C00001_R00004_6788.png,135.6190476,1585.353394,NA
168,1,3,5,8682,NA,NA,NA,C:/Users/bdrye/Downloads/NAIP_2020/NAIP_4Band_2020/imagery/37119/m_3711918_ne_11_060_20200626.tif,BLOCK168_C00001_R00003_S005_8682.png,208,1710.237549,NA
180,4,3,2,3574,NA,NA,NA,C:/Users/bdrye/Downloads/NAIP_2020/NAIP_4Band_2020/imagery/37119/m_3711960_ne_11_060_20200805.tif,BLOCK180_C00004_R00003_S002_3574.png,150.9090909,501.9367065,NA
168,1,3,5,14447,NA,NA,NA,C:/Users/bdrye/Downloads/NAIP_2020/NAIP_4Band_2020/imagery/37119/m_3711918_ne_11_060_20200626.tif,BLOCK168_C00001_R00003_S005_14447.png,187.5,1555.093994,NA
168,1,3,6,8274,NA,NA,NA,C:/Users/bdrye/Downloads/NAIP_2020/NAIP_4Band_2020/imagery/37119/m_3711918_ne_11_060_20200626.tif,BLOCK168_C00001_R00003_S006_8274.png,198.1666667,1451.72998,NA
168,1,4,NA,6641,NA,NA,NA,C:/Users/bdrye/Downloads/NAIP_2020/NAIP_4Band_2020/imagery/37119/m_3711918_ne_11_060_20200626.tif,BLOCK168_C00001_R00004_6641.png,140.4666667,1763.966675,NA
168,1,3,6,7046,NA,NA,NA,C:/Users/bdrye/Downloads/NAIP_2020/NAIP_4Band_2020/imagery/37119/m_3711918_ne_11_060_20200626.tif,BLOCK168_C00001_R00003_S006_7046.png,131.8888889,1401.044922,NA
168,1,3,6,8226,NA,NA,NA,C:/Users/bdrye/Downloads/NAIP_2020/NAIP_4Band_2020/imagery/37119/m_3711918_ne_11_060_20200626.tif,BLOCK168_C00001_R00003_S006_8226.png,134,1392.185059,NA
168,1,4,NA,21,NA,NA,NA,C:/Users/bdrye/Downloads/NAIP_2020/NAIP_4Band_2020/imagery/37119/m_3711918_ne_11_060_20200626.tif,BLOCK168_C00001_R00004_21.png,174.1471004,1589.507568,NA
168,1,4,NA,11673,NA,NA,NA,C:/Users/bdrye/Downloads/NAIP_2020/NAIP_4Band_2020/imagery/37119/m_3711918_ne_11_060_20200626.tif,BLOCK168_C00001_R00004_11673.png,205,1731.39502,NA
180,4,3,2,3804,NA,NA,NA,C:/Users/bdrye/Downloads/NAIP_2020/NAIP_4Band_2020/imagery/37119/m_3711960_ne_11_060_20200805.tif,BLOCK180_C00004_R00003_S002_3804.png,146.7142857,518.873291,NA
168,1,4,NA,13235,NA,NA,NA,C:/Users/bdrye/Downloads/NAIP_2020/NAIP_4Band_2020/imagery/37119/m_3711918_ne_11_060_20200626.tif,BLOCK168_C00001_R00004_13235.png,134.25,1640.256104,NA
168,1,3,6,3869,NA,NA,NA,C:/Users/bdrye/Downloads/NAIP_2020/NAIP_4Band_2020/imagery/37119/m_3711918_ne_11_060_20200626.tif,BLOCK168_C00001_R00003_S006_3869.png,165.1181818,1441.48999,NA
168,1,3,5,2693,NA,NA,NA,C:/Users/bdrye/Downloads/NAIP_2020/NAIP_4Band_2020/imagery/37119/m_3711918_ne_11_060_20200626.tif,BLOCK168_C00001_R00003_S005_2693.png,146.5172414,1497.952271,NA
180,4,3,1,2082,NA,NA,NA,C:/Users/bdrye/Downloads/NAIP_2020/NAIP_4Band_2020/imagery/37119/m_3711960_ne_11_060_20200805.tif,BLOCK180_C00004_R00003_S001_2082.png,195.3584906,584.847229,NA
168,1,4,NA,2150,NA,NA,NA,C:/Users/bdrye/Downloads/NAIP_2020/NAIP_4Band_2020/imagery/37119/m_3711918_ne_11_060_20200626.tif,BLOCK168_C00001_R00004_2150.png,175.1016949,1703.743896,NA
168,1,3,5,14595,NA,NA,NA,C:/Users/bdrye/Downloads/NAIP_2020/NAIP_4Band_2020/imagery/37119/m_3711918_ne_11_060_20200626.tif,BLOCK168_C00001_R00003_S005_14595.png,130.5,1634.650024,NA
168,1,4,NA,13142,NA,NA,NA,C:/Users/bdrye/Downloads/NAIP_2020/NAIP_4Band_2020/imagery/37119/m_3711918_ne_11_060_20200626.tif,BLOCK168_C00001_R00004_13142.png,201,1682.625,NA
168,1,3,5,5386,NA,NA,NA,C:/Users/bdrye/Downloads/NAIP_2020/NAIP_4Band_2020/imagery/37119/m_3711918_ne_11_060_20200626.tif,BLOCK168_C00001_R00003_S005_5386.png,165.3818182,1750.619873,NA
180,4,3,2,4025,NA,NA,NA,C:/Users/bdrye/Downloads/NAIP_2020/NAIP_4Band_2020/imagery/37119/m_3711960_ne_11_060_20200805.tif,BLOCK180_C00004_R00003_S002_4025.png,182.9333333,430.3833008,NA
168,1,3,5,8435,NA,NA,NA,C:/Users/bdrye/Downloads/NAIP_2020/NAIP_4Band_2020/imagery/37119/m_3711918_ne_11_060_20200626.tif,BLOCK168_C00001_R00003_S005_8435.png,193.36,1625.67334,NA
168,1,4,NA,3462,NA,NA,NA,C:/Users/bdrye/Downloads/NAIP_2020/NAIP_4Band_2020/imagery/37119/m_3711918_ne_11_060_20200626.tif,BLOCK168_C00001_R00004_3462.png,177.0422535,1764.33252,NA
180,4,3,2,453,NA,NA,NA,C:/Users/bdrye/Downloads/NAIP_2020/NAIP_4Band_2020/imagery/37119/m_3711960_ne_11_060_20200805.tif,BLOCK180_C00004_R00003_S002_453.png,133.8522727,557.4534302,NA
168,1,3,6,86,NA,NA,NA,C:/Users/bdrye/Downloads/NAIP_2020/NAIP_4Band_2020/imagery/37119/m_3711918_ne_11_060_20200626.tif,BLOCK168_C00001_R00003_S006_86.png,173.5843621,1383.661621,NA
180,4,3,2,4517,NA,NA,NA,C:/Users/bdrye/Downloads/NAIP_2020/NAIP_4Band_2020/imagery/37119/m_3711960_ne_11_060_20200805.tif,BLOCK180_C00004_R00003_S002_4517.png,215.3333333,407.1452026,NA
180,4,3,2,4197,NA,NA,NA,C:/Users/bdrye/Downloads/NAIP_2020/NAIP_4Band_2020/imagery/37119/m_3711960_ne_11_060_20200805.tif,BLOCK180_C00004_R00003_S002_4197.png,178.4,404.5224915,NA
180,4,3,2,3822,NA,NA,NA,C:/Users/bdrye/Downloads/NAIP_2020/NAIP_4Band_2020/imagery/37119/m_3711960_ne_11_060_20200805.tif,BLOCK180_C00004_R00003_S002_3822.png,156.0833333,409.8728943,NA
168,1,4,NA,2450,NA,NA,NA,C:/Users/bdrye/Downloads/NAIP_2020/NAIP_4Band_2020/imagery/37119/m_3711918_ne_11_060_20200626.tif,BLOCK168_C00001_R00004_2450.png,149.1914894,1725.47998,NA
168,1,3,6,5537,NA,NA,NA,C:/Users/bdrye/Downloads/NAIP_2020/NAIP_4Band_2020/imagery/37119/m_3711918_ne_11_060_20200626.tif,BLOCK168_C00001_R00003_S006_5537.png,135.0714286,1477.715088,NA
168,1,3,6,160,NA,NA,NA,C:/Users/bdrye/Downloads/NAIP_2020/NAIP_4Band_2020/imagery/37119/m_3711918_ne_11_060_20200626.tif,BLOCK168_C00001_R00003_S006_160.png,172.5458937,1402.831421,NA
168,1,3,5,12828,NA,NA,NA,C:/Users/bdrye/Downloads/NAIP_2020/NAIP_4Band_2020/imagery/37119/m_3711918_ne_11_060_20200626.tif,BLOCK168_C00001_R00003_S005_12828.png,207.2222222,1559.054688,NA
180,4,3,2,2609,NA,NA,NA,C:/Users/bdrye/Downloads/NAIP_2020/NAIP_4Band_2020/imagery/37119/m_3711960_ne_11_060_20200805.tif,BLOCK180_C00004_R00003_S002_2609.png,143.3333333,396.7575073,NA
168,1,3,6,8677,NA,NA,NA,C:/Users/bdrye/Downloads/NAIP_2020/NAIP_4Band_2020/imagery/37119/m_3711918_ne_11_060_20200626.tif,BLOCK168_C00001_R00003_S006_8677.png,195,1411.677124,NA
180,4,3,2,3667,NA,NA,NA,C:/Users/bdrye/Downloads/NAIP_2020/NAIP_4Band_2020/imagery/37119/m_3711960_ne_11_060_20200805.tif,BLOCK180_C00004_R00003_S002_3667.png,200,402.9767151,NA
168,1,3,6,5354,NA,NA,NA,C:/Users/bdrye/Downloads/NAIP_2020/NAIP_4Band_2020/imagery/37119/m_3711918_ne_11_060_20200626.tif,BLOCK168_C00001_R00003_S006_5354.png,146.2142857,1381.396606,NA
180,4,3,1,3736,NA,NA,NA,C:/Users/bdrye/Downloads/NAIP_2020/NAIP_4Band_2020/imagery/37119/m_3711960_ne_11_060_20200805.tif,BLOCK180_C00004_R00003_S001_3736.png,142.5263158,631.0192261,NA
168,1,3,5,2179,NA,NA,NA,C:/Users/bdrye/Downloads/NAIP_2020/NAIP_4Band_2020/imagery/37119/m_3711918_ne_11_060_20200626.tif,BLOCK168_C00001_R00003_S005_2179.png,163.6666667,1636.77002,NA
168,1,4,NA,5570,NA,NA,NA,C:/Users/bdrye/Downloads/NAIP_2020/NAIP_4Band_2020/imagery/37119/m_3711918_ne_11_060_20200626.tif,BLOCK168_C00001_R00004_5570.png,151.7692308,1728.52002,NA
180,4,3,2,3907,NA,NA,NA,C:/Users/bdrye/Downloads/NAIP_2020/NAIP_4Band_2020/imagery/37119/m_3711960_ne_11_060_20200805.tif,BLOCK180_C00004_R00003_S002_3907.png,137.2727273,447.6625977,NA
180,4,3,1,329,NA,NA,NA,C:/Users/bdrye/Downloads/NAIP_2020/NAIP_4Band_2020/imagery/37119/m_3711960_ne_11_060_20200805.tif,BLOCK180_C00004_R00003_S001_329.png,167.225,674.6699829,NA
168,1,4,NA,14036,NA,NA,NA,C:/Users/bdrye/Downloads/NAIP_2020/NAIP_4Band_2020/imagery/37119/m_3711918_ne_11_060_20200626.tif,BLOCK168_C00001_R00004_14036.png,139,1604.575928,NA
180,4,3,2,376,NA,NA,NA,C:/Users/bdrye/Downloads/NAIP_2020/NAIP_4Band_2020/imagery/37119/m_3711960_ne_11_060_20200805.tif,BLOCK180_C00004_R00003_S002_376.png,184.3478261,449.980011,NA
168,1,3,5,10344,NA,NA,NA,C:/Users/bdrye/Downloads/NAIP_2020/NAIP_4Band_2020/imagery/37119/m_3711918_ne_11_060_20200626.tif,BLOCK168_C00001_R00003_S005_10344.png,208.0740741,1543.669922,NA
168,1,3,5,5120,NA,NA,NA,C:/Users/bdrye/Downloads/NAIP_2020/NAIP_4Band_2020/imagery/37119/m_3711918_ne_11_060_20200626.tif,BLOCK168_C00001_R00003_S005_5120.png,202.9346734,1484.880005,NA
168,1,4,NA,4430,NA,NA,NA,C:/Users/bdrye/Downloads/NAIP_2020/NAIP_4Band_2020/imagery/37119/m_3711918_ne_11_060_20200626.tif,BLOCK168_C00001_R00004_4430.png,142.3866667,1761.746582,NA
168,1,4,NA,2749,NA,NA,NA,C:/Users/bdrye/Downloads/NAIP_2020/NAIP_4Band_2020/imagery/37119/m_3711918_ne_11_060_20200626.tif,BLOCK168_C00001_R00004_2749.png,131.3088235,1710.779907,NA
168,1,3,5,1390,NA,NA,NA,C:/Users/bdrye/Downloads/NAIP_2020/NAIP_4Band_2020/imagery/37119/m_3711918_ne_11_060_20200626.tif,BLOCK168_C00001_R00003_S005_1390.png,134.8888889,1472.964966,NA
180,4,3,2,3770,NA,NA,NA,C:/Users/bdrye/Downloads/NAIP_2020/NAIP_4Band_2020/imagery/37119/m_3711960_ne_11_060_20200805.tif,BLOCK180_C00004_R00003_S002_3770.png,186.96,427.0639954,NA
180,4,3,2,4470,NA,NA,NA,C:/Users/bdrye/Downloads/NAIP_2020/NAIP_4Band_2020/imagery/37119/m_3711960_ne_11_060_20200805.tif,BLOCK180_C00004_R00003_S002_4470.png,213,414.625,NA
168,1,3,5,11242,NA,NA,NA,C:/Users/bdrye/Downloads/NAIP_2020/NAIP_4Band_2020/imagery/37119/m_3711918_ne_11_060_20200626.tif,BLOCK168_C00001_R00003_S005_11242.png,153.5833333,1619.155518,NA
168,1,4,NA,11109,NA,NA,NA,C:/Users/bdrye/Downloads/NAIP_2020/NAIP_4Band_2020/imagery/37119/m_3711918_ne_11_060_20200626.tif,BLOCK168_C00001_R00004_11109.png,161.4285714,1750.47998,NA
180,4,3,2,3659,NA,NA,NA,C:/Users/bdrye/Downloads/NAIP_2020/NAIP_4Band_2020/imagery/37119/m_3711960_ne_11_060_20200805.tif,BLOCK180_C00004_R00003_S002_3659.png,150.6190476,433.4249878,NA
168,1,4,NA,9713,NA,NA,NA,C:/Users/bdrye/Downloads/NAIP_2020/NAIP_4Band_2020/imagery/37119/m_3711918_ne_11_060_20200626.tif,BLOCK168_C00001_R00004_9713.png,182.5238095,1814.211792,NA
168,1,4,NA,507,NA,NA,NA,C:/Users/bdrye/Downloads/NAIP_2020/NAIP_4Band_2020/imagery/37119/m_3711918_ne_11_060_20200626.tif,BLOCK168_C00001_R00004_507.png,170.1134021,1628.285034,NA
180,4,3,2,195,NA,NA,NA,C:/Users/bdrye/Downloads/NAIP_2020/NAIP_4Band_2020/imagery/37119/m_3711960_ne_11_060_20200805.tif,BLOCK180_C00004_R00003_S002_195.png,181.2116788,474.0086975,NA
180,4,3,1,1058,NA,NA,NA,C:/Users/bdrye/Downloads/NAIP_2020/NAIP_4Band_2020/imagery/37119/m_3711960_ne_11_060_20200805.tif,BLOCK180_C00004_R00003_S001_1058.png,159.326087,608.3422241,NA
180,4,3,2,539,NA,NA,NA,C:/Users/bdrye/Downloads/NAIP_2020/NAIP_4Band_2020/imagery/37119/m_3711960_ne_11_060_20200805.tif,BLOCK180_C00004_R00003_S002_539.png,143.0666667,492.1690979,NA
168,1,3,5,14717,NA,NA,NA,C:/Users/bdrye/Downloads/NAIP_2020/NAIP_4Band_2020/imagery/37119/m_3711918_ne_11_060_20200626.tif,BLOCK168_C00001_R00003_S005_14717.png,136,1593.104614,NA
168,1,3,5,12210,NA,NA,NA,C:/Users/bdrye/Downloads/NAIP_2020/NAIP_4Band_2020/imagery/37119/m_3711918_ne_11_060_20200626.tif,BLOCK168_C00001_R00003_S005_12210.png,208,1604.718018,NA
168,1,3,5,11837,NA,NA,NA,C:/Users/bdrye/Downloads/NAIP_2020/NAIP_4Band_2020/imagery/37119/m_3711918_ne_11_060_20200626.tif,BLOCK168_C00001_R00003_S005_11837.png,132.25,1627.307495,NA
168,1,4,NA,3636,NA,NA,NA,C:/Users/bdrye/Downloads/NAIP_2020/NAIP_4Band_2020/imagery/37119/m_3711918_ne_11_060_20200626.tif,BLOCK168_C00001_R00004_3636.png,162.1397849,1554.366089,NA
180,4,3,2,3342,NA,NA,NA,C:/Users/bdrye/Downloads/NAIP_2020/NAIP_4Band_2020/imagery/37119/m_3711960_ne_11_060_20200805.tif,BLOCK180_C00004_R00003_S002_3342.png,144.3043478,394.0180054,NA
180,4,3,1,2836,NA,NA,NA,C:/Users/bdrye/Downloads/NAIP_2020/NAIP_4Band_2020/imagery/37119/m_3711960_ne_11_060_20200805.tif,BLOCK180_C00004_R00003_S001_2836.png,155.8333333,672.6599731,NA
168,1,3,6,8223,NA,NA,NA,C:/Users/bdrye/Downloads/NAIP_2020/NAIP_4Band_2020/imagery/37119/m_3711918_ne_11_060_20200626.tif,BLOCK168_C00001_R00003_S006_8223.png,215,1439.19873,NA
180,4,3,2,3963,NA,NA,NA,C:/Users/bdrye/Downloads/NAIP_2020/NAIP_4Band_2020/imagery/37119/m_3711960_ne_11_060_20200805.tif,BLOCK180_C00004_R00003_S002_3963.png,183.75,457.1813965,NA
180,4,3,2,4357,NA,NA,NA,C:/Users/bdrye/Downloads/NAIP_2020/NAIP_4Band_2020/imagery/37119/m_3711960_ne_11_060_20200805.tif,BLOCK180_C00004_R00003_S002_4357.png,215.6923077,399.9920044,NA
168,1,3,5,3059,NA,NA,NA,C:/Users/bdrye/Downloads/NAIP_2020/NAIP_4Band_2020/imagery/37119/m_3711918_ne_11_060_20200626.tif,BLOCK168_C00001_R00003_S005_3059.png,147.3064516,1508.650024,NA
168,1,3,5,4549,NA,NA,NA,C:/Users/bdrye/Downloads/NAIP_2020/NAIP_4Band_2020/imagery/37119/m_3711918_ne_11_060_20200626.tif,BLOCK168_C00001_R00003_S005_4549.png,161.7741935,1669.38501,NA
168,1,4,NA,10393,NA,NA,NA,C:/Users/bdrye/Downloads/NAIP_2020/NAIP_4Band_2020/imagery/37119/m_3711918_ne_11_060_20200626.tif,BLOCK168_C00001_R00004_10393.png,160.9545455,1721.432495,NA
180,4,3,2,3626,NA,NA,NA,C:/Users/bdrye/Downloads/NAIP_2020/NAIP_4Band_2020/imagery/37119/m_3711960_ne_11_060_20200805.tif,BLOCK180_C00004_R00003_S002_3626.png,180.5555556,540.4849854,NA
180,4,3,2,2229,NA,NA,NA,C:/Users/bdrye/Downloads/NAIP_2020/NAIP_4Band_2020/imagery/37119/m_3711960_ne_11_060_20200805.tif,BLOCK180_C00004_R00003_S002_2229.png,194.3333333,437.223999,NA
168,1,3,6,1742,NA,NA,NA,C:/Users/bdrye/Downloads/NAIP_2020/NAIP_4Band_2020/imagery/37119/m_3711918_ne_11_060_20200626.tif,BLOCK168_C00001_R00003_S006_1742.png,158.8666667,1424.454956,NA
180,4,3,1,705,NA,NA,NA,C:/Users/bdrye/Downloads/NAIP_2020/NAIP_4Band_2020/imagery/37119/m_3711960_ne_11_060_20200805.tif,BLOCK180_C00004_R00003_S001_705.png,179.5316456,593.1616821,NA
168,1,4,NA,6216,NA,NA,NA,C:/Users/bdrye/Downloads/NAIP_2020/NAIP_4Band_2020/imagery/37119/m_3711918_ne_11_060_20200626.tif,BLOCK168_C00001_R00004_6216.png,147.2222222,1744.151123,NA
168,1,4,NA,2298,NA,NA,NA,C:/Users/bdrye/Downloads/NAIP_2020/NAIP_4Band_2020/imagery/37119/m_3711918_ne_11_060_20200626.tif,BLOCK168_C00001_R00004_2298.png,144.6217949,1799.411499,NA
168,1,3,6,5081,NA,NA,NA,C:/Users/bdrye/Downloads/NAIP_2020/NAIP_4Band_2020/imagery/37119/m_3711918_ne_11_060_20200626.tif,BLOCK168_C00001_R00003_S006_5081.png,167.1343284,1444.839966,NA
180,4,3,1,2063,NA,NA,NA,C:/Users/bdrye/Downloads/NAIP_2020/NAIP_4Band_2020/imagery/37119/m_3711960_ne_11_060_20200805.tif,BLOCK180_C00004_R00003_S001_2063.png,164.3611111,689.0050049,NA
168,1,3,5,13282,NA,NA,NA,C:/Users/bdrye/Downloads/NAIP_2020/NAIP_4Band_2020/imagery/37119/m_3711918_ne_11_060_20200626.tif,BLOCK168_C00001_R00003_S005_13282.png,202.5882353,1599.453125,NA
168,1,3,5,7243,NA,NA,NA,C:/Users/bdrye/Downloads/NAIP_2020/NAIP_4Band_2020/imagery/37119/m_3711918_ne_11_060_20200626.tif,BLOCK168_C00001_R00003_S005_7243.png,202.1428571,1482.150024,NA
168,1,4,NA,9234,NA,NA,NA,C:/Users/bdrye/Downloads/NAIP_2020/NAIP_4Band_2020/imagery/37119/m_3711918_ne_11_060_20200626.tif,BLOCK168_C00001_R00004_9234.png,194.5,1627.567993,NA
168,1,3,5,14079,NA,NA,NA,C:/Users/bdrye/Downloads/NAIP_2020/NAIP_4Band_2020/imagery/37119/m_3711918_ne_11_060_20200626.tif,BLOCK168_C00001_R00003_S005_14079.png,195.8,1711,NA
168,1,3,6,7848,NA,NA,NA,C:/Users/bdrye/Downloads/NAIP_2020/NAIP_4Band_2020/imagery/37119/m_3711918_ne_11_060_20200626.tif,BLOCK168_C00001_R00003_S006_7848.png,207.4074074,1382.108032,NA
180,4,3,1,694,NA,NA,NA,C:/Users/bdrye/Downloads/NAIP_2020/NAIP_4Band_2020/imagery/37119/m_3711960_ne_11_060_20200805.tif,BLOCK180_C00004_R00003_S001_694.png,153.5581395,615.9799805,NA
168,1,3,5,13432,NA,NA,NA,C:/Users/bdrye/Downloads/NAIP_2020/NAIP_4Band_2020/imagery/37119/m_3711918_ne_11_060_20200626.tif,BLOCK168_C00001_R00003_S005_13432.png,214,1763.685059,NA
168,1,4,NA,9277,NA,NA,NA,C:/Users/bdrye/Downloads/NAIP_2020/NAIP_4Band_2020/imagery/37119/m_3711918_ne_11_060_20200626.tif,BLOCK168_C00001_R00004_9277.png,124.6363636,1633.90332,NA
168,1,3,6,3797,NA,NA,NA,C:/Users/bdrye/Downloads/NAIP_2020/NAIP_4Band_2020/imagery/37119/m_3711918_ne_11_060_20200626.tif,BLOCK168_C00001_R00003_S006_3797.png,137.9545455,1421.680908,NA
168,1,3,5,14816,NA,NA,NA,C:/Users/bdrye/Downloads/NAIP_2020/NAIP_4Band_2020/imagery/37119/m_3711918_ne_11_060_20200626.tif,BLOCK168_C00001_R00003_S005_14816.png,175,1725.240112,NA
180,4,3,2,1388,NA,NA,NA,C:/Users/bdrye/Downloads/NAIP_2020/NAIP_4Band_2020/imagery/37119/m_3711960_ne_11_060_20200805.tif,BLOCK180_C00004_R00003_S002_1388.png,188.1056338,486.2999878,NA
168,1,3,6,2943,NA,NA,NA,C:/Users/bdrye/Downloads/NAIP_2020/NAIP_4Band_2020/imagery/37119/m_3711918_ne_11_060_20200626.tif,BLOCK168_C00001_R00003_S006_2943.png,140.452381,1450.170044,NA
168,1,3,6,1496,NA,NA,NA,C:/Users/bdrye/Downloads/NAIP_2020/NAIP_4Band_2020/imagery/37119/m_3711918_ne_11_060_20200626.tif,BLOCK168_C00001_R00003_S006_1496.png,172.5497076,1475.27124,NA
168,1,3,5,6313,NA,NA,NA,C:/Users/bdrye/Downloads/NAIP_2020/NAIP_4Band_2020/imagery/37119/m_3711918_ne_11_060_20200626.tif,BLOCK168_C00001_R00003_S005_6313.png,157.0149254,1719.68811,NA
168,1,4,NA,5506,NA,NA,NA,C:/Users/bdrye/Downloads/NAIP_2020/NAIP_4Band_2020/imagery/37119/m_3711918_ne_11_060_20200626.tif,BLOCK168_C00001_R00004_5506.png,160.5,1760.422485,NA
180,4,3,1,60,NA,NA,NA,C:/Users/bdrye/Downloads/NAIP_2020/NAIP_4Band_2020/imagery/37119/m_3711960_ne_11_060_20200805.tif,BLOCK180_C00004_R00003_S001_60.png,186.7333333,604.9909058,NA
168,1,3,6,5012,NA,NA,NA,C:/Users/bdrye/Downloads/NAIP_2020/NAIP_4Band_2020/imagery/37119/m_3711918_ne_11_060_20200626.tif,BLOCK168_C00001_R00003_S006_5012.png,158.047619,1451.72998,NA
168,1,4,NA,13855,NA,NA,NA,C:/Users/bdrye/Downloads/NAIP_2020/NAIP_4Band_2020/imagery/37119/m_3711918_ne_11_060_20200626.tif,BLOCK168_C00001_R00004_13855.png,206,1784.853027,NA
180,4,3,2,2490,NA,NA,NA,C:/Users/bdrye/Downloads/NAIP_2020/NAIP_4Band_2020/imagery/37119/m_3711960_ne_11_060_20200805.tif,BLOCK180_C00004_R00003_S002_2490.png,186.6588235,337.0549927,NA
180,4,3,2,4211,NA,NA,NA,C:/Users/bdrye/Downloads/NAIP_2020/NAIP_4Band_2020/imagery/37119/m_3711960_ne_11_060_20200805.tif,BLOCK180_C00004_R00003_S002_4211.png,144.5625,581.9185791,NA
180,4,3,1,283,NA,NA,NA,C:/Users/bdrye/Downloads/NAIP_2020/NAIP_4Band_2020/imagery/37119/m_3711960_ne_11_060_20200805.tif,BLOCK180_C00004_R00003_S001_283.png,191.0449438,608.4943237,NA
168,1,3,5,2728,NA,NA,NA,C:/Users/bdrye/Downloads/NAIP_2020/NAIP_4Band_2020/imagery/37119/m_3711918_ne_11_060_20200626.tif,BLOCK168_C00001_R00003_S005_2728.png,178.8248175,1782.343262,NA
168,1,3,5,14895,NA,NA,NA,C:/Users/bdrye/Downloads/NAIP_2020/NAIP_4Band_2020/imagery/37119/m_3711918_ne_11_060_20200626.tif,BLOCK168_C00001_R00003_S005_14895.png,182.5,1750.619873,NA
168,1,3,5,8662,NA,NA,NA,C:/Users/bdrye/Downloads/NAIP_2020/NAIP_4Band_2020/imagery/37119/m_3711918_ne_11_060_20200626.tif,BLOCK168_C00001_R00003_S005_8662.png,157.6521739,1733.781738,NA
168,1,4,NA,9738,NA,NA,NA,C:/Users/bdrye/Downloads/NAIP_2020/NAIP_4Band_2020/imagery/37119/m_3711918_ne_11_060_20200626.tif,BLOCK168_C00001_R00004_9738.png,204.0606061,1806.552002,NA
180,4,3,1,3956,NA,NA,NA,C:/Users/bdrye/Downloads/NAIP_2020/NAIP_4Band_2020/imagery/37119/m_3711960_ne_11_060_20200805.tif,BLOCK180_C00004_R00003_S001_3956.png,145.4,630.4182739,NA
168,1,3,6,4648,NA,NA,NA,C:/Users/bdrye/Downloads/NAIP_2020/NAIP_4Band_2020/imagery/37119/m_3711918_ne_11_060_20200626.tif,BLOCK168_C00001_R00003_S006_4648.png,134.6956522,1410.400024,NA
180,4,3,1,3257,NA,NA,NA,C:/Users/bdrye/Downloads/NAIP_2020/NAIP_4Band_2020/imagery/37119/m_3711960_ne_11_060_20200805.tif,BLOCK180_C00004_R00003_S001_3257.png,147.875,614.5529785,NA
168,1,3,5,5745,NA,NA,NA,C:/Users/bdrye/Downloads/NAIP_2020/NAIP_4Band_2020/imagery/37119/m_3711918_ne_11_060_20200626.tif,BLOCK168_C00001_R00003_S005_5745.png,148.9508197,1704.444946,NA
168,1,3,5,4373,NA,NA,NA,C:/Users/bdrye/Downloads/NAIP_2020/NAIP_4Band_2020/imagery/37119/m_3711918_ne_11_060_20200626.tif,BLOCK168_C00001_R00003_S005_4373.png,133.1818182,1682.625,NA
168,1,4,NA,11375,NA,NA,NA,C:/Users/bdrye/Downloads/NAIP_2020/NAIP_4Band_2020/imagery/37119/m_3711918_ne_11_060_20200626.tif,BLOCK168_C00001_R00004_11375.png,207.9574468,1761.30249,NA
168,1,4,NA,13475,NA,NA,NA,C:/Users/bdrye/Downloads/NAIP_2020/NAIP_4Band_2020/imagery/37119/m_3711918_ne_11_060_20200626.tif,BLOCK168_C00001_R00004_13475.png,208,1722.324585,NA
